Learner 1,Learner 2,Learner 3,Learner 4,Learner 5,Learner 6,Learner 7,Learner 8,Learner 9,Learner 10,counter
0.0,0.2448986682643843,-0.0069351757602034,0.0,-0.0346767358222933,0.0,0.0,0.0,0.0,0.0,9
0.0009553830734859,0.0894491538753225,0.0,0.0,0.0077823569880793,0.0,0.0391257035738626,0.0,0.0,0.0082504785359367,5
0.0,0.0,0.0,0.0191100911742434,-0.0060067724856887,0.0,0.0457872630044587,0.0,0.0,0.0107592944194703,7
0.0440032788540134,0.0003984109129705,0.0,0.0,0.0,0.0,0.0,0.0,0.0,0.0,9
0.0,0.0403564767511384,0.0,0.0,0.0,0.0,0.0,0.0,0.0,0.0,9
0.0,0.0002678346050327,0.0,0.0,0.0,0.0,0.0,0.0,0.0,0.0307098952988873,9
0.0,0.0075597348511192,0.0013376224312324,0.0218237330639409,0.0,0.0,0.0,0.0,0.0,0.0,9
0.0,0.0,0.0,0.0,0.0,0.0,0.0364683389345343,0.0,0.0,-0.0059954025460305,9
-0.0024915133826375,0.0205107945729756,0.0018695135660463,0.0,0.0,0.0008254447464348,0.0,0.0,0.0,0.0082206601847418,10
0.0,0.0005821459119578,0.0,0.0,0.0,-0.0129308329252243,0.0,0.0,0.0,0.0412272927546752,9
0.0,-0.0018710434133405,0.0,0.0,0.0,0.0,0.0,0.0255948650354017,-0.0061252137402949,0.0103270029283999,8
0.0160825220343173,0.0029150748776287,0.0,0.0,0.0,0.0,0.0,0.0,0.0,0.0085914717915871,8
-0.0008998626407408,0.0071774022504506,0.0058807196556831,0.0140107402251422,0.0,0.0,0.0,0.0,0.0,0.0,8
0.0,0.0,-0.0011575937927201,0.0,0.0,0.0,0.0272453122380142,0.0,0.0,0.0,9
0.0043604889741813,0.0025157394272995,0.0,0.0,0.0,0.0036646904786856,0.0,0.0,0.0,0.0147539805724458,7
0.0028364458635278,9.960898985363344e-05,0.0,0.0,0.0,0.0130969282393512,0.0,0.0,0.0,0.0083405900774063,7
0.024297494002664,0.0,0.0,0.0,0.0,0.0,0.0,0.0,0.0,0.0,9
0.0233087781913994,0.0,0.0,0.0,0.0,0.0,0.0,0.0,0.0,0.0,9
0.0,0.0,0.0,0.0,0.0,0.0228933371416038,0.0,0.0,0.0,0.0,9
0.0,0.0,0.0,0.0,0.0,0.0,0.0,0.0,0.0,0.0213918755537461,9
0.0,0.0,0.0,0.0,0.0,0.0,0.0,0.0210950199004653,0.0,0.0,9
0.0052280520057161,0.0,0.0,0.0,0.0,0.000226231016871,0.0,0.0139917958146915,0.0,0.0,8
0.0,-0.0001087033369416,0.0,0.0,0.0,0.0,0.0,0.0,0.0,0.0173576661554561,9
0.0,0.0,0.0,0.0,0.0168483001521585,0.0,0.0,0.0,0.0,0.0,9
0.0013390550606238,0.0153327093634716,0.0,0.0,0.0,0.0,0.0,0.0,0.0,0.0,9
0.0,0.0,0.0,0.0166623362046865,0.0,0.0,0.0,0.0,0.0,0.0,9
0.0,-0.00496176822283,0.0,0.0,0.0,0.0115714917040419,0.0,0.0,0.0,0.009940731506006,8
0.0,0.0009220644847456,0.0,0.0,0.0,0.0,0.0,0.0,0.0,0.0152768406385858,9
0.0,-0.0002083040986807,0.0,0.0,0.0,0.0101537221425254,0.0,0.0,0.0,0.0062199369110012,9
0.0,0.0160121123428401,0.0,0.0,0.0,0.0,0.0,0.0,0.0,0.0,10
0.0,0.0,0.0,0.0032606950394834,0.0,0.0,0.0,0.0,0.0,0.0121626343175297,8
0.0,-0.000583123107756,0.0,0.0,0.0,0.015874840118112,0.0,0.0,0.0,0.0,9
0.0,0.0,0.0,0.0,-0.0123460825351541,0.0,0.0,0.0,0.0,0.0275414328888353,9
0.0,-0.0027955664885663,0.0,0.0,0.0156299670826925,0.0023245758893195,0.0,0.0,0.0,0.0,8
0.0,0.0,0.0,0.0,0.0,0.0,0.0,0.0,0.0,0.0149236703207088,9
0.0,0.0,0.0,0.0,0.0,-0.0010629019563954,0.0,0.0,0.0,0.0159607891526277,9
0.0,0.0023655626044793,0.0,0.0,0.0122287335415391,0.0,0.0,0.0,0.0,0.0,9
0.0,0.0,0.0,0.0,0.0,0.0,0.0,0.0,0.0,0.0142443558004642,9
0.0141155490090311,0.0,0.0,0.0,0.0,0.0,0.0,0.0,0.0,0.0,9
0.0,0.0006610219095478,0.0,0.013119334694845,0.0,0.0,0.0,0.0,0.0,0.0,9
0.0,0.0009825366425017,0.0070669447810404,0.0,0.0,0.0,0.0,0.0,0.0,0.0056357204037373,9
0.0,0.0,0.0,0.0,0.0,0.0132846470199707,0.0,0.0,0.0,0.0,9
0.0,0.0,0.0062792882890727,0.0,0.0,0.0,0.0,0.0,0.0,0.0068880965838102,9
0.0066026954902564,0.0017149613257609,0.0011485712335332,0.0,0.0,3.391652751889573e-05,0.0,0.0,0.0,0.0033636924779394,9
0.0,0.0218268087669375,0.0,0.0,-0.0108632700896992,0.0017964495515258,0.0,0.0,0.0,0.0,8
0.0,0.0,0.0127582651921245,0.0,0.0,0.0,0.0,0.0,0.0,0.0,9
0.0,0.0,0.0,0.0117102055122277,0.0,0.0010383674664081,0.0,0.0,0.0,0.0,8
0.0057392250951985,0.0,0.0,0.0,0.0,0.0,0.0,0.0,0.0,0.0069525053295769,9
0.0,-0.0002468864383068,0.0,0.0,0.0,0.0,0.0,0.0,0.0,0.0124506344759338,9
0.0,0.0,0.00208163925613,0.0,0.0,0.0,0.0,0.0,0.010104181975428,0.0,8
0.0,0.0,0.0,0.0,0.0119300226676681,0.0,0.0,0.0,0.0,0.0,9
0.0,0.0,0.0,0.0,0.0,0.0,0.0,0.0,0.0,0.0117643773425498,9
0.0029366166604974,0.0,-0.0017758080943659,0.0,0.0103932339148455,0.0,0.0,0.0,0.0,0.0,8
0.0,0.0018762597509801,0.0,0.0,0.0,0.0088472480442554,0.0,0.0,0.0,0.0005992786779513,9
0.0009949851928262,0.0016559415568781,0.0,0.0,0.0086540457612741,0.0,0.0,0.0,0.0,0.0,8
0.0,0.0017470419260074,-0.0080473114334072,0.0,-0.0001523090515434,0.0,0.0175905824841732,0.0,0.0,0.0,9
0.0,0.0,0.0,0.0,0.0,0.0111291389845347,0.0,0.0,0.0,0.0,9
0.0,0.0,0.0,0.0,0.0,0.0,0.0,0.0,0.0,0.011107150421626,9
0.0038533571175672,0.0004656410150301,0.0,0.0,0.0,0.0065344483864702,0.0,0.0,0.0,0.0,8
0.0023614232932517,-0.0015154725353504,0.0,0.0,0.0,0.0,0.0,0.0,0.0,0.009869248831757,8
0.0037622083697836,0.0005083076760418,0.0,0.0,0.0060838804494631,0.0,0.0,0.0,0.0,0.0,8
0.009985305491286,0.0,0.0,0.0,0.0,0.0,0.0,0.0,0.0,0.0,9
0.0,0.0098373938946539,0.0,0.0,0.0,0.0,0.0,0.0,0.0,0.0,10
0.0098330895031346,0.0,0.0,0.0,0.0,0.0,0.0,0.0,0.0,0.0,9
0.0091759333421243,0.0006259170613297,0.0,0.0,0.0,0.0,0.0,0.0,0.0,0.0,9
0.0,0.0,0.0,0.0,0.0,0.00971595823033,0.0,0.0,0.0,0.0,9
0.0097156612179394,0.0,0.0,0.0,0.0,0.0,0.0,0.0,0.0,0.0,9
0.0,0.0029405516972537,0.0,0.0,0.0,0.0,0.0,0.0,0.0,0.006756186914742,10
-0.0005405128950156,0.0,0.0,0.0102005515289468,0.0,0.0,0.0,0.0,0.0,0.0,9
0.0,0.0,0.0095573271592317,0.0,0.0,0.0,0.0,0.0,0.0,0.0,9
0.0088013661556223,0.0,0.0006988992979654,0.0,0.0,0.0,0.0,0.0,0.0,0.0,9
0.0,0.0,0.0092764381248998,0.0,0.0,0.0,0.0,0.0,0.0,0.0,9
0.0,0.0022627843846825,0.0,0.0,0.0067819478467495,0.0,0.0,0.0,0.0,0.0,9
0.0,-0.0006344944824471,0.0,0.0,0.0,0.0,0.0,0.0,0.0,0.0096749976461927,9
0.0090308140962598,0.0,0.0,0.0,0.0,0.0,0.0,0.0,0.0,0.0,9
0.0,-0.0009354108904853,0.0,0.0,0.0,0.0099166668579525,0.0,0.0,0.0,0.0,9
-0.002254732826323,0.0,0.0,0.0,0.0,0.0,0.0,0.0,0.0,0.0112154153124104,9
0.0056072025859668,0.0,0.0032275302623357,0.0,0.0,0.0,0.0,0.0,0.0,0.0,8
0.0,0.0,0.0,0.0,0.0087373058884367,0.0,0.0,0.0,0.0,0.0,9
0.0,0.003494549698346,0.001910309651611,0.0,0.0,0.0032789847453153,0.0,0.0,0.0,0.0,8
0.0,0.0,0.0,0.0,0.0,0.0,0.0,0.0,0.0,0.0086803784085224,9
0.0084932544128453,0.0,0.0,0.0,0.0,0.0,0.0,0.0,0.0,0.0,9
0.0083075703029071,0.0,0.0,0.0,0.0,0.0,0.0,0.0,0.0,0.0,9
-0.0010544126538155,0.0,0.0,0.0,0.0,0.0034362348216827,0.0,0.0,0.0,0.0058716869897199,9
0.0,0.0,0.0,0.0082066904035504,0.0,0.0,0.0,0.0,0.0,0.0,9
0.0106856562056231,0.0,-0.0027692648648716,0.0,0.0,0.0002662795290898,0.0,0.0,0.0,0.0,9
0.0,0.0,0.0,0.0,0.0,0.0,0.0,0.0,0.0,0.0080485257817291,10
0.0,0.0,0.001426104825447,0.0,0.0,0.0,0.0,0.0,0.0,0.0065314145075495,10
0.0079028251189299,0.0,0.0,0.0,0.0,0.0,0.0,0.0,0.0,0.0,9
0.0,0.0010716482802271,0.0067932391247767,0.0,0.0,0.0,0.0,0.0,0.0,0.0,9
0.0021181915703015,-0.000796457886627,0.0,0.0,0.0064403054018913,0.0,0.0,0.0,0.0,0.0,8
0.0,0.0016935155873706,0.0060646403099994,0.0,0.0,0.0,0.0,0.0,0.0,0.0,9
0.0,0.0,0.0,0.0,0.0,0.0063265081198148,0.0,0.0,0.0,0.0013631029716914,9
0.0074684462027802,0.0,0.0,0.0,0.0,0.0,0.0,0.0,0.0,0.0,9
0.0,0.0,0.0015673901274235,0.0058281653613389,0.0,0.0,0.0,0.0,0.0,0.0,9
0.0,0.0,0.0,0.0,0.0,0.0,0.0,0.0,0.0,0.0072406616271671,10
0.0,0.0,0.0,0.0,0.0,0.0,0.0,0.0,0.0,0.00720913741371,10
0.0,0.0,0.0,0.0,0.0,0.0071950660473172,0.0,0.0,0.0,-0.0002137268831907,9
-0.0069080602946421,0.0,0.0,0.0,0.0,0.0054307888510549,0.0,0.0,0.0,0.0083977715171497,8
0.0,0.0068430620025009,0.0,0.0,0.0,0.0,0.0,0.0,0.0,0.0,10
0.0067720411562354,0.0,0.0,0.0,0.0,0.0,0.0,0.0,0.0,0.0,9
0.0,0.0,-0.0028406190982016,0.0,0.0,0.0,0.0095711037156134,0.0,0.0,0.0,9
0.0,0.0,0.0,0.0,0.0,0.0067193931512522,0.0,0.0,0.0,0.0,9
0.0,0.0,0.0,0.0,0.0066648994583093,0.0,0.0,0.0,0.0,0.0,9
0.0066166307711453,0.0,0.0,0.0,0.0,0.0,0.0,0.0,0.0,0.0,9
0.0,0.0,0.0,0.0,0.0,0.0065469847540969,0.0,0.0,0.0,0.0,9
0.0012963090210706,0.0052416665133619,0.0,0.0,0.0,0.0,0.0,0.0,0.0,0.0,9
0.0,0.0,0.0,0.0,0.0025383045033417,0.0,0.0,0.0,0.0,0.0039131734750337,9
0.0,0.0,0.0,0.0,0.0,0.0,0.0,0.0,0.0,0.0064379687033009,10
0.0,0.0049241630862322,0.0,0.0014245977159059,0.0,0.0,0.0,0.0,0.0,0.0,9
0.0,0.0012435236756376,0.0,0.0,0.0,0.0,0.0,0.0,0.0,0.0050924630738801,10
0.0,0.0004179216805261,0.0,0.0,0.0,0.0,0.0,0.0,0.0,0.0057968408293504,10
0.0,0.0,0.0,0.0,0.0,0.0061783747287724,0.0,0.0,0.0,0.0,9
0.0,0.0,0.0,0.0061188164487391,0.0,0.0,0.0,0.0,0.0,0.0,9
0.0,0.0,0.0,0.0,0.0,0.0060827926025808,0.0,0.0,0.0,0.0,9
0.0,0.0059799350020421,0.0,0.0,0.0,0.0,0.0,0.0,0.0,0.0,10
0.0,0.0,0.0,0.0,0.0058659071422781,0.0,0.0,0.0,0.0,0.0,9
0.0058502287621197,0.0,0.0,0.0,0.0,0.0,0.0,0.0,0.0,0.0,9
0.0,0.0,0.0057734185232101,0.0,0.0,0.0,0.0,0.0,0.0,0.0,9
0.0,0.0,0.0,0.0,0.0057700082186613,0.0,0.0,0.0,0.0,0.0,9
0.0,0.0,0.0,0.0,0.0,0.0001396450020143,0.0,0.0,0.0,0.0056301754623273,10
0.0,0.0057675066197193,0.0,0.0,0.0,0.0,0.0,0.0,0.0,0.0,10
0.0057034060206403,0.0,0.0,0.0,0.0,0.0,0.0,0.0,0.0,0.0,9
0.0069676179827199,-0.0013180106205075,0.0,0.0,0.0,0.0,0.0,0.0,0.0,0.0,9
0.0,0.0,0.0,0.0,0.0,0.0,0.0,0.0,0.0,0.0055262537330497,10
0.0054855109238806,0.0,0.0,0.0,0.0,0.0,0.0,0.0,0.0,0.0,9
0.0020043725283046,0.0,0.0,0.0,0.0,0.0034541494705766,0.0,0.0,0.0,0.0,8
0.0043804316348054,0.0010186632625124,0.0,0.0,0.0,0.0,0.0,0.0,0.0,0.0,9
0.0008532087149384,0.00442211450367,0.0,0.0,0.0,0.0,0.0,0.0,0.0,0.0,9
0.0051797118039424,7.462788365249496e-05,0.0,0.0,0.0,0.0,0.0,0.0,0.0,0.0,9
0.0,0.0019669858449493,0.0,0.0,-0.0012471028406599,0.0044674533356541,0.0,0.0,0.0,0.0,9
0.0,0.0051696541247947,0.0,0.0,0.0,0.0,0.0,0.0,0.0,0.0,10
0.0,0.001085332089199,-0.006306578536703,0.0,0.0,0.0,0.0,0.0,0.0,0.0103752467334732,9
0.0,0.0,0.0,0.0,0.0,0.0010265313794556,0.0041039127983457,0.0,0.0,0.0,8
0.0,0.005113909298479,0.0,0.0,0.0,0.0,0.0,0.0,0.0,0.0,10
0.0,0.0,0.0,0.0,0.0,0.0050769121971278,0.0,0.0,0.0,0.0,9
0.0,0.0,-0.0047506972864679,0.0,0.0,0.0097882466574157,0.0,0.0,0.0,0.0,9
0.0,0.00109627768704,-0.0075407177532963,0.0,0.0,0.0,0.0,0.0,0.0,0.0114635792260028,9
0.0,0.0049835246312899,0.0,0.0,0.0,0.0,0.0,0.0,0.0,0.0,10
0.0,0.0049592150961222,0.0,0.0,0.0,0.0,0.0,0.0,0.0,0.0,10
0.0,0.0,0.0,0.0,0.0,0.0,0.0,0.0,0.0,0.0049221506966615,10
0.0049071154314066,0.0,0.0,0.0,0.0,0.0,0.0,0.0,0.0,0.0,9
0.0,0.0006148655866615,0.0,0.0,0.0,0.0,0.0,0.0,0.0,0.0042658932207322,10
0.0,0.0,0.0,0.0,0.0,0.0,0.0,0.0,0.0,0.0048322645643839,10
0.0,0.0,0.0,0.0048253163601773,0.0,0.0,0.0,0.0,0.0,0.0,9
0.0,0.0047957897021679,0.0,0.0,0.0,0.0,0.0,0.0,0.0,0.0,10
0.0047807467483066,0.0,0.0,0.0,0.0,0.0,0.0,0.0,0.0,0.0,9
0.0,-1.915546388772671e-05,0.0045813379473118,0.0,0.0002005416178311,0.0,0.0,0.0,0.0,0.0,8
0.000250406940133,0.0,0.0,0.0,0.0,0.0,0.0,0.0,0.0,0.0045034363809557,9
0.0,0.0047454944560298,0.0,0.0,0.0,0.0,0.0,0.0,0.0,0.0,10
0.0,0.004683459332394,0.0,0.0,0.0,0.0,0.0,0.0,0.0,0.0,10
0.0,0.0,0.0,0.0,0.0,0.0,0.0,0.0,0.0,0.0045551190135548,10
0.0046703441038546,-0.0001309713670091,0.0,0.0,0.0,0.0,0.0,0.0,0.0,0.0,9
0.0,0.0,0.0,0.0045344683895425,0.0,0.0,0.0,0.0,0.0,0.0,9
0.0,-2.4591989031652604e-06,0.0,0.0,0.0,0.0045321704499221,0.0,0.0,0.0,0.0,9
0.0,0.0,0.0,0.0,0.0,0.0044198081773404,0.0,0.0,0.0,0.0,9
0.0,0.0,0.0,0.0,0.0,0.0043931519677039,0.0,0.0,0.0,0.0,9
-0.001687362301974,0.0,0.0,0.0,0.0060672772792748,0.0,0.0,0.0,0.0,0.0,9
0.0,0.0,0.0,0.0,0.0,0.0043109894360396,0.0,0.0,0.0,0.0,9
0.0,0.0,0.0,0.0019316408084167,0.0,0.0023699037745257,0.0,0.0,0.0,0.0,8
0.0043675041816113,-6.928652406383295e-05,0.0,0.0,0.0,0.0,0.0,0.0,0.0,0.0,9
0.0,0.0042060530133418,0.0,0.0,0.0,0.0,0.0,0.0,0.0,0.0,10
0.0,0.0,0.0051503475663294,0.0,0.0,0.0,0.0,0.0,0.0,-0.0009566060997011,9
0.0041793615384736,0.0,0.0,0.0,0.0,0.0,0.0,0.0,0.0,0.0,9
0.0080991437767145,0.0,0.0,0.0,0.0,-0.0040114584855511,0.0,0.0,0.0,0.0,9
0.0,0.0,0.0,0.0,0.0,0.0040819161784904,0.0,0.0,0.0,0.0,9
0.0,0.0040716368785918,0.0,0.0,0.0,0.0,0.0,0.0,0.0,0.0,10
0.0,0.0,0.0,0.0,0.0039924345945326,0.0,0.0,0.0,0.0,0.0,9
0.0,0.0,0.0,0.0,0.0,0.0039476667389675,0.0,0.0,0.0,0.0,9
0.0,0.0,0.0,0.0,0.0,0.0039378183459839,0.0,0.0,0.0,0.0,9
0.003900866586814,0.0,0.0,0.0,0.0,0.0,0.0,0.0,0.0,0.0,9
0.0,0.0,0.0,0.0038993862758419,0.0,0.0,0.0,0.0,0.0,0.0,9
0.0,0.0,0.0,0.0,0.0,0.0,0.0,0.0,0.0,0.0038949988046211,10
0.0,0.0014654538636916,0.0023825553389548,0.0,0.0,0.0,0.0,0.0,0.0,0.0,9
0.0,0.0,0.0,0.0,0.0,0.0,0.0,0.0,0.0,0.0038406860029216,10
0.0015791769691086,-0.0001544147721843,0.0,0.0,0.0,-0.0038698699310266,0.0,0.0,0.0,0.0062677101712367,9
0.0,0.0,0.0,0.0,0.0037934591444098,0.0,0.0,0.0,0.0,0.0,9
0.0037746536585314,0.0,0.0,0.0,0.0,0.0,0.0,0.0,0.0,0.0,9
-0.0004567304047421,0.0,0.0,0.0,0.0,0.0,0.0042255399522423,0.0,0.0,0.0,9
0.0078543448311926,-0.0040868092298522,0.0,0.0,0.0,0.0,0.0,0.0,0.0,0.0,9
0.0037623585706251,0.0,0.0,0.0,0.0,0.0,0.0,0.0,0.0,0.0,9
0.0,0.0,0.0,0.0,0.0,0.0037072946543289,0.0,0.0,0.0,0.0,9
0.0,0.003684940484885,0.0,0.0,0.0,0.0,0.0,0.0,0.0,0.0,10
0.0,0.0036602939214694,0.0,0.0,0.0,0.0,0.0,0.0,0.0,0.0,10
0.0,0.0,0.0,0.0,0.0,0.0,0.0,0.0,0.0,0.0036318918089111,10
0.0035730540420192,0.0,0.0,0.0,0.0,0.0,0.0,0.0,0.0,0.0,9
0.0,0.0034720164468697,0.0,0.0,0.0,0.0,0.0,0.0,0.0,0.0,10
0.0051577262633379,-0.001709665398955,0.0,0.0,0.0,0.0,0.0,0.0,0.0,0.0,9
0.0,0.0,0.0034236263893939,0.0,0.0,0.0,0.0,0.0,0.0,0.0,9
0.0,0.0,0.0,0.0,0.0,0.0033997631421382,0.0,0.0,0.0,0.0,9
0.0033860021243206,0.0,0.0,0.0,0.0,0.0,0.0,0.0,0.0,0.0,9
0.0,0.0009511034542151,0.0024160436433787,0.0,0.0,0.0,0.0,0.0,0.0,0.0,9
0.0,0.0033546155767185,0.0,0.0,0.0,0.0,0.0,0.0,0.0,0.0,10
0.0033248000591063,0.0,0.0,0.0,0.0,0.0,0.0,0.0,0.0,0.0,9
-0.0004763099960454,0.0052506519415205,0.0,0.0,-0.0015024540249004,0.0,0.0,0.0,0.0,0.0,10
0.0,0.0,0.0,0.0,0.0,0.0,0.0,0.0,0.0,0.0032247250385538,10
0.0,0.0032045733307486,0.0,0.0,0.0,0.0,0.0,0.0,0.0,0.0,10
0.0,-0.0013322738710025,0.0,0.0044846002266393,0.0,0.0,0.0,0.0,0.0,0.0,9
0.0,0.0,0.003112013094428,0.0,0.0,0.0,0.0,0.0,0.0,0.0,9
0.0,0.0,0.0,0.0,0.0,0.0,0.0,0.0,0.0,0.0031074086076537,10
0.0031020284762928,0.0,0.0,0.0,0.0,0.0,0.0,0.0,0.0,0.0,9
0.0,0.0,0.0,0.0,0.0,0.0030980096911693,0.0,0.0,0.0,0.0,9
0.0,0.0037441681760759,0.0,0.0,0.0,-0.0006565126730962,0.0,0.0,0.0,0.0,10
0.0,5.743083801062477e-05,0.0029599409842544,0.0,0.0,0.0,0.0,0.0,0.0,0.0,9
0.0,-0.00349382293462,0.0,0.0,0.0,0.0,0.0,0.0,0.0,0.006482984597477,10
0.0,0.0,0.0,0.0,0.0,0.0029850243819829,0.0,0.0,0.0,0.0,9
0.0,0.0,0.0029435742453775,0.0,0.0,0.0,0.0,0.0,0.0,0.0,9
0.0,0.0029319323821889,0.0,0.0,0.0,0.0,0.0,0.0,0.0,0.0,10
0.0,0.0028219194321986,0.0,0.0,0.0,0.0,0.0,0.0,0.0,0.0,10
0.0,0.0,0.0027717283695224,0.0,0.0,0.0,0.0,0.0,0.0,0.0,9
0.0,0.0012534048987585,0.0,0.0,0.0,0.0,0.0,0.0,0.0,0.0015095869849967,10
-0.0016078288506346,0.0043194041010811,0.0,0.0,0.0,0.0,0.0,0.0,0.0,0.0,10
0.0026557833813979,0.0,0.0,0.0,0.0,0.0,0.0,0.0,0.0,0.0,9
0.0,-0.000942281930478,0.0,0.0,0.0,0.003585802774746,0.0,0.0,0.0,0.0,9
0.0026098990841334,0.0,0.0,0.0,0.0,0.0,0.0,0.0,0.0,0.0,9
0.0,0.0025959116281568,0.0,0.0,0.0,0.0,0.0,0.0,0.0,0.0,10
0.0,0.0025732788762661,0.0,0.0,0.0,0.0,0.0,0.0,0.0,0.0,10
0.0,0.0025677015837238,0.0,0.0,0.0,0.0,0.0,0.0,0.0,0.0,10
0.0,-0.0011201277158277,0.003649250554164,0.0,0.0,0.0,0.0,0.0,0.0,0.0,9
0.0,0.0,0.0,0.0,0.0,0.0,0.0,0.0,0.0,0.0025144119140231,10
0.0,0.0,0.0025028418237936,0.0,0.0,0.0,0.0,0.0,0.0,0.0,9
0.0,-8.56700629001006e-05,0.0025805776506938,0.0,0.0,0.0,0.0,0.0,0.0,0.0,9
0.0,-0.0040906766096944,0.0033835259577806,0.0,0.0,0.003162001728435,0.0,0.0,0.0,0.0,8
0.0,0.0023868184054227,0.0,0.0,0.0,0.0,0.0,0.0,0.0,0.0,10
0.0,0.0005529735196618,0.0017959122589894,0.0,0.0,0.0,0.0,0.0,0.0,0.0,10
0.0,0.0,0.0,0.0,0.0023418121524984,0.0,0.0,0.0,0.0,0.0,9
0.0,0.0022984686767309,0.0,0.0,0.0,0.0,0.0,0.0,0.0,0.0,10
0.0,0.0012541192826112,0.0010355344210026,0.0,0.0,0.0,0.0,0.0,0.0,0.0,10
0.0,0.0022887527453275,0.0,0.0,0.0,0.0,0.0,0.0,0.0,0.0,10
0.0,0.0,0.0022887172823487,0.0,0.0,0.0,0.0,0.0,0.0,0.0,9
0.0,0.0022807292126525,0.0,0.0,0.0,0.0,0.0,0.0,0.0,0.0,10
0.0,0.0,0.0,0.0,0.0,0.0022806272439043,0.0,0.0,0.0,0.0,9
0.0008234113317016,0.0014540865665043,0.0,0.0,0.0,0.0,0.0,0.0,0.0,0.0,9
0.0021821723542428,7.717126303688482e-05,0.0,0.0,0.0,0.0,0.0,0.0,0.0,0.0,9
0.0,0.0,0.0,0.0,0.0,0.0022574463746794,0.0,0.0,0.0,0.0,9
0.0022499956151295,0.0,0.0,0.0,0.0,0.0,0.0,0.0,0.0,0.0,9
0.0,0.0,0.0,0.0,0.0,0.0,0.0,0.0,0.0,0.0022379947902138,10
0.0023792318644541,-0.0001680007033782,0.0,0.0,0.0,0.0,0.0,0.0,0.0,0.0,9
0.00220879374611,0.0,0.0,0.0,0.0,0.0,0.0,0.0,0.0,0.0,9
0.0022021015339481,0.0,0.0,0.0,0.0,0.0,0.0,0.0,0.0,0.0,9
0.0021943420638284,0.0,0.0,0.0,0.0,0.0,0.0,0.0,0.0,0.0,9
0.0,0.0021809239744498,0.0,0.0,0.0,0.0,0.0,0.0,0.0,0.0,10
0.0,0.0,0.0,0.0,0.0,0.0,0.0,0.0,0.0,0.002176090629139,10
0.0,0.002160250599853,0.0,0.0,0.0,0.0,0.0,0.0,0.0,0.0,10
-5.957293541138942e-05,0.0,0.0022050075139686,0.0,0.0,0.0,0.0,0.0,0.0,0.0,9
0.0,0.0,0.0,0.0,0.0,0.0,0.0,0.0,0.0,0.0021017201715209,10
0.0021661939357409,-9.162526776208546e-05,0.0,0.0,0.0,0.0,0.0,0.0,0.0,0.0,9
0.0,0.0020660979545678,0.0,0.0,0.0,0.0,0.0,0.0,0.0,0.0,10
0.0020575100066201,0.0,0.0,0.0,0.0,0.0,0.0,0.0,0.0,0.0,9
0.0,0.0020511504556193,0.0,0.0,0.0,0.0,0.0,0.0,0.0,0.0,10
0.0008540190530915,0.0011961781592031,0.0,0.0,0.0,0.0,0.0,0.0,0.0,0.0,9
0.0,-0.0003667713445955,0.0023254495049394,0.0,0.0,0.0,0.0,0.0,0.0,0.0,9
0.000303665475535,0.0,0.0002391192565653,0.0,0.0014156237425748,0.0,0.0,0.0,0.0,0.0,8
0.0019460495585891,0.0,0.0,0.0,0.0,0.0,0.0,0.0,0.0,0.0,9
0.0019403668168193,0.0,0.0,0.0,0.0,0.0,0.0,0.0,0.0,0.0,9
0.0010147521049264,0.0009239390412663,0.0,0.0,0.0,0.0,0.0,0.0,0.0,0.0,9
0.0,-0.0007247358183316,0.0,0.0,0.0,0.0026351678085249,0.0,0.0,0.0,0.0,9
0.0,0.001905861989465,0.0,0.0,0.0,0.0,0.0,0.0,0.0,0.0,10
0.0017855601968689,0.0,0.0,0.0,0.0,0.0,0.0,0.0,0.0,0.0,9
0.0,0.0,0.0017793319968095,0.0,0.0,0.0,0.0,0.0,0.0,0.0,10
0.0,0.0,0.0,0.0,0.0,0.0,0.0,0.0,0.0,0.0017590173335924,10
0.0002685924717082,0.0,0.0014762215597357,0.0,0.0,0.0,0.0,0.0,0.0,0.0,9
0.0,0.0,0.0017089461790169,0.0,0.0,0.0,0.0,0.0,0.0,0.0,10
0.0016676736033572,0.0,0.0,0.0,0.0,0.0,0.0,0.0,0.0,0.0,9
0.0015914119316794,0.0,0.0,0.0,0.0,0.0,0.0,0.0,0.0,0.0,9
0.0,0.0015849914083979,0.0,0.0,0.0,0.0,0.0,0.0,0.0,0.0,10
0.0015673614447342,0.0,0.0,0.0,0.0,0.0,0.0,0.0,0.0,0.0,9
0.0,0.0,0.0,0.0015452784228479,0.0,0.0,0.0,0.0,0.0,0.0,9
0.0,0.0015434984126207,0.0,0.0,0.0,0.0,0.0,0.0,0.0,0.0,10
0.0015339751314396,0.0,0.0,0.0,0.0,0.0,0.0,0.0,0.0,0.0,9
0.0015315326598099,0.0,0.0,0.0,0.0,0.0,0.0,0.0,0.0,0.0,9
0.0,0.0015059964354409,0.0,0.0,0.0,0.0,0.0,0.0,0.0,0.0,10
0.0,0.0014940772877096,0.0,0.0,0.0,0.0,0.0,0.0,0.0,0.0,10
0.0,0.0014715876049535,0.0,0.0,0.0,0.0,0.0,0.0,0.0,0.0,10
0.0,0.0,0.0,0.0,0.0,0.0014210546574062,0.0,0.0,0.0,0.0,9
0.0013650396011735,2.9070504588429855e-05,0.0,0.0,0.0,0.0,0.0,0.0,0.0,0.0,9
0.0,0.0,0.0,0.0,0.0,0.0013197130068076,0.0,0.0,0.0,0.0,9
0.0,0.0,0.0,0.0,0.0,0.0013175050052477,0.0,0.0,0.0,0.0,9
0.0,0.0013054260164557,0.0,0.0,0.0,0.0,0.0,0.0,0.0,0.0,10
0.0,0.0014297682087397,0.0,0.0,0.0,-0.0001249126635593,0.0,0.0,0.0,0.0,10
0.001293324271751,0.0,0.0,0.0,0.0,0.0,0.0,0.0,0.0,0.0,9
0.0013521943166911,-6.824574456162913e-05,0.0,0.0,0.0,0.0,0.0,0.0,0.0,0.0,9
0.0,0.0,0.0,0.0,0.0012574121876695,0.0,0.0,0.0,0.0,0.0,9
0.0,0.0,0.0,0.0043150018338879,0.0,-0.0030751895049495,0.0,0.0,0.0,0.0,9
-0.0035926030139848,0.0,0.0,0.0,0.0,0.0,0.0,0.0,0.0,0.0048275131453519,10
0.0,0.0012095417521449,0.0,0.0,0.0,0.0,0.0,0.0,0.0,0.0,10
0.0,0.001183654886515,0.0,0.0,0.0,0.0,0.0,0.0,0.0,0.0,10
0.0,0.001175833460173,0.0,0.0,0.0,0.0,0.0,0.0,0.0,0.0,10
0.0051900097887825,-0.0040394464730153,0.0,0.0,0.0,0.0,0.0,0.0,0.0,0.0,9
0.0,0.001137419628999,0.0,0.0,0.0,0.0,0.0,0.0,0.0,0.0,10
0.0,0.0,0.0011281185155315,0.0,0.0,0.0,0.0,0.0,0.0,0.0,10
0.0,0.0007326452834614,0.0003796424997444,0.0,0.0,0.0,0.0,0.0,0.0,0.0,10
0.0,0.0011089294591854,0.0,0.0,0.0,0.0,0.0,0.0,0.0,0.0,10
0.0,0.0,0.0,0.0,-0.0086152607116029,0.0097227177893945,0.0,0.0,0.0,0.0,9
0.0,0.0010891750600669,0.0,0.0,0.0,0.0,0.0,0.0,0.0,0.0,10
0.0,0.0010600741145346,0.0,0.0,0.0,0.0,0.0,0.0,0.0,0.0,10
0.0,0.0010386603421266,0.0,0.0,0.0,0.0,0.0,0.0,0.0,0.0,10
0.0,0.0010336980294281,0.0,0.0,0.0,0.0,0.0,0.0,0.0,0.0,10
0.0,-0.0020645544544714,0.0,0.0,0.0,0.0,0.0,0.0,0.0,0.0030968791027554,10
0.0,0.0,0.0010143354301314,0.0,0.0,0.0,0.0,0.0,0.0,0.0,10
0.0009800918868403,0.0,0.0,0.0,0.0,0.0,0.0,0.0,0.0,0.0,9
0.000772324781339,0.0002011664161961,0.0,0.0,0.0,0.0,0.0,0.0,0.0,0.0,9
0.0,0.0009162364639283,0.0,0.0,0.0,0.0,0.0,0.0,0.0,0.0,10
0.0,0.0009036774501231,0.0,0.0,0.0,0.0,0.0,0.0,0.0,0.0,10
0.0,0.0008989244379851,0.0,0.0,0.0,0.0,0.0,0.0,0.0,0.0,10
0.0,0.0010805408252508,0.0,0.0,0.0,-0.0001900578204917,0.0,0.0,0.0,0.0,10
0.0002209427668185,-0.0002644746715231,0.0,0.0,0.0,0.0,0.0,0.0,0.0,0.0009334001059309,9
0.0,0.0008865393695538,0.0,0.0,0.0,0.0,0.0,0.0,0.0,0.0,10
0.0,0.0008494240783553,0.0,0.0,0.0,0.0,0.0,0.0,0.0,0.0,10
0.0,0.0008274955674495,0.0,0.0,0.0,0.0,0.0,0.0,0.0,0.0,10
0.0008254484764882,0.0,0.0,0.0,0.0,0.0,0.0,0.0,0.0,0.0,9
0.0008074505294891,0.0,0.0,0.0,0.0,0.0,0.0,0.0,0.0,0.0,9
0.0,0.0008020281443773,0.0,0.0,0.0,0.0,0.0,0.0,0.0,0.0,10
0.0,0.000795554804981,0.0,0.0,0.0,0.0,0.0,0.0,0.0,0.0,10
0.0,0.0007923281946912,0.0,0.0,0.0,0.0,0.0,0.0,0.0,0.0,10
-0.0002509504382713,0.001030116848084,0.0,0.0,0.0,0.0,0.0,0.0,0.0,0.0,10
0.0,0.0007767273798054,0.0,0.0,0.0,0.0,0.0,0.0,0.0,0.0,10
0.0,0.0007713502187088,0.0,0.0,0.0,0.0,0.0,0.0,0.0,0.0,10
0.0,0.0036028264830843,0.0,0.0,0.0,-0.0028610235033695,0.0,0.0,0.0,0.0,10
0.0,0.0,0.0,0.0,0.0,0.0007365154354871,0.0,0.0,0.0,0.0,10
0.0,0.0043677246076934,0.0,0.0,-0.0036527370962882,0.0,0.0,0.0,0.0,0.0,10
0.0,0.0,0.0,0.0,0.0,0.0,0.0,0.0,0.0,0.0007105376592422,10
0.000695851480089,0.0,0.0,0.0,0.0,0.0,0.0,0.0,0.0,0.0,9
0.0,0.0001317668112189,0.0045773381133301,-0.0040133333334312,0.0,0.0,0.0,0.0,0.0,0.0,9
0.000688371465597,0.0,0.0,0.0,0.0,0.0,0.0,0.0,0.0,0.0,9
0.0,0.0006868379947749,0.0,0.0,0.0,0.0,0.0,0.0,0.0,0.0,10
0.0,0.0006820064680493,0.0,0.0,0.0,0.0,0.0,0.0,0.0,0.0,10
0.0,0.0006557081075839,0.0,0.0,0.0,0.0,0.0,0.0,0.0,0.0,10
0.0,0.0,0.0,0.0,0.0,0.0006423819483672,0.0,0.0,0.0,0.0,10
0.0,0.0006223740698491,0.0,0.0,0.0,0.0,0.0,0.0,0.0,0.0,10
0.0,0.0006045401456621,0.0,0.0,0.0,0.0,0.0,0.0,0.0,0.0,10
0.0,0.0006928000442814,0.0,0.0,0.0,-8.868519476619152e-05,0.0,0.0,0.0,0.0,10
0.0,0.0005991185848098,0.0,0.0,0.0,0.0,0.0,0.0,0.0,0.0,10
0.0,0.0005972846771493,0.0,0.0,0.0,0.0,0.0,0.0,0.0,0.0,10
0.0,0.000595920435206,0.0,0.0,0.0,0.0,0.0,0.0,0.0,0.0,10
0.0,0.0005903673881791,0.0,0.0,0.0,0.0,0.0,0.0,0.0,0.0,10
0.0,0.0005898459675823,0.0,0.0,0.0,0.0,0.0,0.0,0.0,0.0,10
0.0,0.0005690711135206,0.0,0.0,0.0,0.0,0.0,0.0,0.0,0.0,10
0.0,0.0005682824718053,0.0,0.0,0.0,0.0,0.0,0.0,0.0,0.0,10
0.0,0.0005630768986373,0.0,0.0,0.0,0.0,0.0,0.0,0.0,0.0,10
0.0,0.0005618726175922,0.0,0.0,0.0,0.0,0.0,0.0,0.0,0.0,10
0.0,0.0005605702475239,0.0,0.0,0.0,0.0,0.0,0.0,0.0,0.0,10
0.0,0.0,0.0,0.0,0.0005542667814422,0.0,0.0,0.0,0.0,0.0,9
0.0016660087299226,-0.0001686047927059,0.0,0.0,0.0,0.0,0.0,0.0,0.0,-0.0009511074252677,9
0.0,0.0,0.0,0.0,0.0005354447879617,0.0,0.0,0.0,0.0,0.0,9
0.0,0.0,0.0,0.0,0.0,0.0005224283771945,0.0,0.0,0.0,0.0,10
0.0005085964956514,0.0,0.0,0.0,0.0,0.0,0.0,0.0,0.0,0.0,9
0.0010355691692088,0.0,-0.0005340728629051,0.0,0.0,0.0,0.0,0.0,0.0,0.0,9
0.0,0.0004900778449117,0.0,0.0,0.0,0.0,0.0,0.0,0.0,0.0,10
0.000482360921579,0.0,0.0,0.0,0.0,0.0,0.0,0.0,0.0,0.0,9
0.0,0.0004706650657566,0.0,0.0,0.0,0.0,0.0,0.0,0.0,0.0,10
0.0,0.0004666952609184,0.0,0.0,0.0,0.0,0.0,0.0,0.0,0.0,10
0.0,0.0004560681721008,0.0,0.0,0.0,0.0,0.0,0.0,0.0,0.0,10
0.0005511441853577,-0.000129860695145,0.0,0.0,0.0,0.0,0.0,0.0,0.0,0.0,9
0.0,0.0004198983319855,0.0,0.0,0.0,0.0,0.0,0.0,0.0,0.0,10
0.0,-4.791334987342965e-05,0.0,0.0,0.0,0.0004574748502884,0.0,0.0,0.0,0.0,10
0.0,0.0,0.0,0.0,0.0,0.005428695266105,0.0,0.0,-0.0050255203498275,0.0,9
0.0,0.0003820326997293,0.0,0.0,0.0,0.0,0.0,0.0,0.0,0.0,10
0.0002424135571475,0.000394526247373,-0.0021223816520176,0.0,0.0,0.0013542527659749,0.0,0.0,0.0,0.0005127449658677,8
0.0,0.0008240663481992,0.0,0.0,0.0,-0.0004480792607603,0.0,0.0,0.0,0.0,10
0.0003592084185842,0.0,0.0,0.0,0.0,0.0,0.0,0.0,0.0,0.0,9
0.0069460187270052,0.0,-0.0066157217038305,0.0,0.0,0.0,0.0,0.0,0.0,0.0,9
0.0,0.0003050388977705,0.0,0.0,0.0,0.0,0.0,0.0,0.0,0.0,10
0.0,0.0,0.0,0.0,0.0,0.0003037256631231,0.0,0.0,0.0,0.0,10
0.0,0.0002967869921592,0.0,0.0,0.0,0.0,0.0,0.0,0.0,0.0,10
0.0,0.0002964579107281,0.0,0.0,0.0,0.0,0.0,0.0,0.0,0.0,10
0.0,0.0002953291264053,0.0,0.0,0.0,0.0,0.0,0.0,0.0,0.0,10
0.0,0.0,0.0,0.0,0.0,0.000282872143738,0.0,0.0,0.0,0.0,10
0.0,0.0002760371612996,0.0,0.0,0.0,0.0,0.0,0.0,0.0,0.0,10
0.0,0.0002662493011258,0.0,0.0,0.0,0.0,0.0,0.0,0.0,0.0,10
0.0,0.0007660831903339,0.0054812905169602,-0.0059906189565624,0.0,0.0,0.0,0.0,0.0,0.0,9
0.0,0.000254592609171,0.0,0.0,0.0,0.0,0.0,0.0,0.0,0.0,10
0.0,0.0002543288887465,0.0,0.0,0.0,0.0,0.0,0.0,0.0,0.0,10
0.0,0.0002498747178805,0.0,0.0,0.0,0.0,0.0,0.0,0.0,0.0,10
0.0,0.0002530402416229,0.0,0.0,-1.207857284974967e-05,0.0,0.0,0.0,0.0,0.0,10
0.0,0.0002393928897014,0.0,0.0,0.0,0.0,0.0,0.0,0.0,0.0,10
0.0,0.0002288175926093,0.0,0.0,0.0,0.0,0.0,0.0,0.0,0.0,10
0.0,0.0002114904351293,0.0,0.0,0.0,0.0,0.0,0.0,0.0,0.0,10
0.0002097377522232,0.0,0.0,0.0,0.0,0.0,0.0,0.0,0.0,0.0,9
0.0,0.0001989963993557,0.0,0.0,0.0,0.0,0.0,0.0,0.0,0.0,10
0.0,0.0001899406198755,0.0,0.0,0.0,0.0,0.0,0.0,0.0,0.0,10
0.0001791235006133,0.0,0.0,0.0,0.0,0.0,0.0,0.0,0.0,0.0,9
0.0,0.0001781054806242,0.0,0.0,0.0,0.0,0.0,0.0,0.0,0.0,10
0.0,0.000169691559729,0.0,0.0,0.0,0.0,0.0,0.0,0.0,0.0,10
0.0,0.0001586958851851,0.0,0.0,0.0,0.0,0.0,0.0,0.0,0.0,10
0.0,0.0001562326051368,0.0,0.0,0.0,0.0,0.0,0.0,0.0,0.0,10
0.0,0.0001529335621073,0.0,0.0,0.0,0.0,0.0,0.0,0.0,0.0,10
0.0,0.00014365889572,0.0,0.0,0.0,0.0,0.0,0.0,0.0,0.0,10
0.0,0.0001408697523943,0.0,0.0,0.0,0.0,0.0,0.0,0.0,0.0,10
0.0001398165681712,0.0,0.0,0.0,0.0,0.0,0.0,0.0,0.0,0.0,9
0.0,0.0001352447100483,0.0,0.0,0.0,0.0,0.0,0.0,0.0,0.0,10
0.0,0.0001316671705901,0.0,0.0,0.0,0.0,0.0,0.0,0.0,0.0,10
0.0,0.0001212177915528,0.0,0.0,0.0,0.0,0.0,0.0,0.0,0.0,10
0.0,0.0001104688986763,0.0,0.0,0.0,0.0,0.0,0.0,0.0,0.0,10
0.0,0.0001097572969214,0.0,0.0,0.0,0.0,0.0,0.0,0.0,0.0,10
0.0,0.0001043095771376,0.0,0.0,0.0,0.0,0.0,0.0,0.0,0.0,10
0.0,9.928438508867154e-05,0.0,0.0,0.0,0.0,0.0,0.0,0.0,0.0,10
0.0,8.98522442523808e-05,0.0,0.0,0.0,0.0,0.0,0.0,0.0,0.0,10
8.892890583058754e-05,0.0,0.0,0.0,0.0,0.0,0.0,0.0,0.0,0.0,9
8.246347868965387e-05,0.0,0.0,0.0,0.0,0.0,0.0,0.0,0.0,0.0,9
0.0,0.0,0.0,0.0,0.0,-0.00382231502654,0.0,0.0,0.0038999528903594,0.0,9
0.0,6.064310538493878e-05,0.0,0.0,0.0,0.0,0.0,0.0,0.0,0.0,10
0.0,4.043339829158943e-05,0.0,0.0,0.0,0.0,0.0,0.0,0.0,0.0,10
0.0,3.2667143152431685e-05,0.0,0.0,0.0,0.0,0.0,0.0,0.0,0.0,10
0.0,2.8126302054370944e-05,0.0,0.0,0.0,0.0,0.0,0.0,0.0,0.0,10
0.0,2.1648846627886355e-05,0.0,0.0,0.0,0.0,0.0,0.0,0.0,0.0,10
0.0,1.0734350362467948e-05,0.0,0.0,0.0,0.0,0.0,0.0,0.0,0.0,10
0.0,7.718840457299203e-06,0.0,0.0,0.0,0.0,0.0,0.0,0.0,0.0,10
0.0,3.629989767689468e-06,0.0,0.0,0.0,0.0,0.0,0.0,0.0,0.0,10
0.0,0.0,0.0,0.0,0.0,0.0,0.0,0.0,0.0,0.0,10
0.0,0.0,0.0,0.0,0.0,0.0,0.0,0.0,0.0,0.0,10
0.0,0.0,0.0,0.0,0.0,0.0,0.0,0.0,0.0,0.0,10
0.0,0.0,0.0,0.0,0.0,0.0,0.0,0.0,0.0,0.0,10
0.0,0.0,0.0,0.0,0.0,0.0,0.0,0.0,0.0,0.0,10
0.0,0.0,0.0,0.0,0.0,0.0,0.0,0.0,0.0,0.0,10
0.0,0.0,0.0,0.0,0.0,0.0,0.0,0.0,0.0,0.0,10
0.0,0.0,0.0,0.0,0.0,0.0,0.0,0.0,0.0,0.0,10
0.0,0.0,0.0,0.0,0.0,0.0,0.0,0.0,0.0,0.0,10
0.0,0.0,0.0,0.0,0.0,0.0,0.0,0.0,0.0,0.0,10
0.0,0.0,0.0,0.0,0.0,0.0,0.0,0.0,0.0,0.0,10
0.0,0.0,0.0,0.0,0.0,0.0,0.0,0.0,0.0,0.0,10
0.0,0.0,0.0,0.0,0.0,0.0,0.0,0.0,0.0,0.0,10
0.0,0.0,0.0,0.0,0.0,0.0,0.0,0.0,0.0,0.0,10
0.0,0.0,0.0,0.0,0.0,0.0,0.0,0.0,0.0,0.0,10
0.0,0.0,0.0,0.0,0.0,0.0,0.0,0.0,0.0,0.0,10
0.0,0.0,0.0,0.0,0.0,0.0,0.0,0.0,0.0,0.0,10
0.0,0.0,0.0,0.0,0.0,0.0,0.0,0.0,0.0,0.0,10
0.0,0.0,0.0,0.0,0.0,0.0,0.0,0.0,0.0,0.0,10
0.0,0.0,0.0,0.0,0.0,0.0,0.0,0.0,0.0,0.0,10
0.0,0.0,0.0,0.0,0.0,0.0,0.0,0.0,0.0,0.0,10
0.0,0.0,0.0,0.0,0.0,0.0,0.0,0.0,0.0,0.0,10
0.0,0.0,0.0,0.0,0.0,0.0,0.0,0.0,0.0,0.0,10
0.0,0.0,0.0,0.0,0.0,0.0,0.0,0.0,0.0,0.0,10
0.0,0.0,0.0,0.0,0.0,0.0,0.0,0.0,0.0,0.0,10
0.0,0.0,0.0,0.0,0.0,0.0,0.0,0.0,0.0,0.0,10
0.0,0.0,0.0,0.0,0.0,0.0,0.0,0.0,0.0,0.0,10
0.0,0.0,0.0,0.0,0.0,0.0,0.0,0.0,0.0,0.0,10
0.0,0.0,0.0,0.0,0.0,0.0,0.0,0.0,0.0,0.0,10
0.0,0.0,0.0,0.0,0.0,0.0,0.0,0.0,0.0,0.0,10
0.0,0.0,0.0,0.0,0.0,0.0,0.0,0.0,0.0,0.0,10
0.0,0.0,0.0,0.0,0.0,0.0,0.0,0.0,0.0,0.0,10
0.0,0.0,0.0,0.0,0.0,0.0,0.0,0.0,0.0,0.0,10
0.0,0.0,0.0,0.0,0.0,0.0,0.0,0.0,0.0,0.0,10
0.0,0.0,0.0,0.0,0.0,0.0,0.0,0.0,0.0,0.0,10
0.0,0.0,0.0,0.0,0.0,0.0,0.0,0.0,0.0,0.0,10
0.0,0.0,0.0,0.0,0.0,0.0,0.0,0.0,0.0,0.0,10
0.0,0.0,0.0,0.0,0.0,0.0,0.0,0.0,0.0,0.0,10
0.0,0.0,0.0,0.0,0.0,0.0,0.0,0.0,0.0,0.0,10
0.0,0.0,0.0,0.0,0.0,0.0,0.0,0.0,0.0,0.0,10
0.0,0.0,0.0,0.0,0.0,0.0,0.0,0.0,0.0,0.0,10
0.0,0.0,0.0,0.0,0.0,0.0,0.0,0.0,0.0,0.0,10
0.0,0.0,0.0,0.0,0.0,0.0,0.0,0.0,0.0,0.0,10
0.0,0.0,0.0,0.0,0.0,0.0,0.0,0.0,0.0,0.0,10
0.0,0.0,0.0,0.0,0.0,0.0,0.0,0.0,0.0,0.0,10
0.0,0.0,0.0,0.0,0.0,0.0,0.0,0.0,0.0,0.0,10
0.0,0.0,0.0,0.0,0.0,0.0,0.0,0.0,0.0,0.0,10
0.0,0.0,0.0,0.0,0.0,0.0,0.0,0.0,0.0,0.0,10
0.0,0.0,0.0,0.0,0.0,0.0,0.0,0.0,0.0,0.0,10
0.0,0.0,0.0,0.0,0.0,0.0,0.0,0.0,0.0,0.0,10
0.0,0.0,0.0,0.0,0.0,0.0,0.0,0.0,0.0,0.0,10
0.0,0.0,0.0,0.0,0.0,0.0,0.0,0.0,0.0,0.0,10
0.0,0.0,0.0,0.0,0.0,0.0,0.0,0.0,0.0,0.0,10
0.0,0.0,0.0,0.0,0.0,0.0,0.0,0.0,0.0,0.0,10
0.0,0.0,0.0,0.0,0.0,0.0,0.0,0.0,0.0,0.0,10
0.0,0.0,0.0,0.0,0.0,0.0,0.0,0.0,0.0,0.0,10
0.0,0.0,0.0,0.0,0.0,0.0,0.0,0.0,0.0,0.0,10
0.0,0.0,0.0,0.0,0.0,0.0,0.0,0.0,0.0,0.0,10
0.0,0.0,0.0,0.0,0.0,0.0,0.0,0.0,0.0,0.0,10
0.0,0.0,0.0,0.0,0.0,0.0,0.0,0.0,0.0,0.0,10
0.0,0.0,0.0,0.0,0.0,0.0,0.0,0.0,0.0,0.0,10
0.0,0.0,0.0,0.0,0.0,0.0,0.0,0.0,0.0,0.0,10
0.0,0.0,0.0,0.0,0.0,0.0,0.0,0.0,0.0,0.0,10
0.0,0.0,0.0,0.0,0.0,0.0,0.0,0.0,0.0,0.0,10
0.0,0.0,0.0,0.0,0.0,0.0,0.0,0.0,0.0,0.0,10
0.0,0.0,0.0,0.0,0.0,0.0,0.0,0.0,0.0,0.0,10
0.0,0.0,0.0,0.0,0.0,0.0,0.0,0.0,0.0,0.0,10
0.0,0.0,0.0,0.0,0.0,0.0,0.0,0.0,0.0,0.0,10
0.0,0.0,0.0,0.0,0.0,0.0,0.0,0.0,0.0,0.0,10
0.0,0.0,0.0,0.0,0.0,0.0,0.0,0.0,0.0,0.0,10
0.0,0.0,0.0,0.0,0.0,0.0,0.0,0.0,0.0,0.0,10
0.0,0.0,0.0,0.0,0.0,0.0,0.0,0.0,0.0,0.0,10
0.0,0.0,0.0,0.0,0.0,0.0,0.0,0.0,0.0,0.0,10
0.0,0.0,0.0,0.0,0.0,0.0,0.0,0.0,0.0,0.0,10
0.0,0.0,0.0,0.0,0.0,0.0,0.0,0.0,0.0,0.0,10
0.0,0.0,0.0,0.0,0.0,0.0,0.0,0.0,0.0,0.0,10
0.0,0.0,0.0,0.0,0.0,0.0,0.0,0.0,0.0,0.0,10
0.0,0.0,0.0,0.0,0.0,0.0,0.0,0.0,0.0,0.0,10
0.0,0.0,0.0,0.0,0.0,0.0,0.0,0.0,0.0,0.0,10
0.0,0.0,0.0,0.0,0.0,0.0,0.0,0.0,0.0,0.0,10
0.0,0.0,0.0,0.0,0.0,0.0,0.0,0.0,0.0,0.0,10
0.0,0.0,0.0,0.0,0.0,0.0,0.0,0.0,0.0,0.0,10
0.0,0.0,0.0,0.0,0.0,0.0,0.0,0.0,0.0,0.0,10
0.0,0.0,0.0,0.0,0.0,0.0,0.0,0.0,0.0,0.0,10
0.0,0.0,0.0,0.0,0.0,0.0,0.0,0.0,0.0,0.0,10
0.0,0.0,0.0,0.0,0.0,0.0,0.0,0.0,0.0,0.0,10
0.0,0.0,0.0,0.0,0.0,0.0,0.0,0.0,0.0,0.0,10
0.0,0.0,0.0,0.0,0.0,0.0,0.0,0.0,0.0,0.0,10
0.0,0.0,0.0,0.0,0.0,0.0,0.0,0.0,0.0,0.0,10
0.0,0.0,0.0,0.0,0.0,0.0,0.0,0.0,0.0,0.0,10
0.0,0.0,0.0,0.0,0.0,0.0,0.0,0.0,0.0,0.0,10
0.0,0.0,0.0,0.0,0.0,0.0,0.0,0.0,0.0,0.0,10
0.0,0.0,0.0,0.0,0.0,0.0,0.0,0.0,0.0,0.0,10
0.0,0.0,0.0,0.0,0.0,0.0,0.0,0.0,0.0,0.0,10
0.0,0.0,0.0,0.0,0.0,0.0,0.0,0.0,0.0,0.0,10
0.0,0.0,0.0,0.0,0.0,0.0,0.0,0.0,0.0,0.0,10
0.0,0.0,0.0,0.0,0.0,0.0,0.0,0.0,0.0,0.0,10
0.0,0.0,0.0,0.0,0.0,0.0,0.0,0.0,0.0,0.0,10
0.0,0.0,0.0,0.0,0.0,0.0,0.0,0.0,0.0,0.0,10
0.0,0.0,0.0,0.0,0.0,0.0,0.0,0.0,0.0,0.0,10
0.0,0.0,0.0,0.0,0.0,0.0,0.0,0.0,0.0,0.0,10
0.0,0.0,0.0,0.0,0.0,0.0,0.0,0.0,0.0,0.0,10
0.0,0.0,0.0,0.0,0.0,0.0,0.0,0.0,0.0,0.0,10
0.0,0.0,0.0,0.0,0.0,0.0,0.0,0.0,0.0,0.0,10
0.0,0.0,0.0,0.0,0.0,0.0,0.0,0.0,0.0,0.0,10
0.0,0.0,0.0,0.0,0.0,0.0,0.0,0.0,0.0,0.0,10
0.0,0.0,0.0,0.0,0.0,0.0,0.0,0.0,0.0,0.0,10
0.0,0.0,0.0,0.0,0.0,0.0,0.0,0.0,0.0,0.0,10
0.0,0.0,0.0,0.0,0.0,0.0,0.0,0.0,0.0,0.0,10
0.0,0.0,0.0,0.0,0.0,0.0,0.0,0.0,0.0,0.0,10
0.0,0.0,0.0,0.0,0.0,0.0,0.0,0.0,0.0,0.0,10
0.0,0.0,0.0,0.0,0.0,0.0,0.0,0.0,0.0,0.0,10
0.0,0.0,0.0,0.0,0.0,0.0,0.0,0.0,0.0,0.0,10
0.0,0.0,0.0,0.0,0.0,0.0,0.0,0.0,0.0,0.0,10
0.0,0.0,0.0,0.0,0.0,0.0,0.0,0.0,0.0,0.0,10
0.0,0.0,0.0,0.0,0.0,0.0,0.0,0.0,0.0,0.0,10
0.0,0.0,0.0,0.0,0.0,0.0,0.0,0.0,0.0,0.0,10
0.0,0.0,0.0,0.0,0.0,0.0,0.0,0.0,0.0,0.0,10
0.0,0.0,0.0,0.0,0.0,0.0,0.0,0.0,0.0,0.0,10
0.0,0.0,0.0,0.0,0.0,0.0,0.0,0.0,0.0,0.0,10
0.0,0.0,0.0,0.0,0.0,0.0,0.0,0.0,0.0,0.0,10
0.0,0.0,0.0,0.0,0.0,0.0,0.0,0.0,0.0,0.0,10
0.0,0.0,0.0,0.0,0.0,0.0,0.0,0.0,0.0,0.0,10
0.0,0.0,0.0,0.0,0.0,0.0,0.0,0.0,0.0,0.0,10
0.0,0.0,0.0,0.0,0.0,0.0,0.0,0.0,0.0,0.0,10
0.0,0.0,0.0,0.0,0.0,0.0,0.0,0.0,0.0,0.0,10
0.0,0.0,0.0,0.0,0.0,0.0,0.0,0.0,0.0,0.0,10
0.0,0.0,0.0,0.0,0.0,0.0,0.0,0.0,0.0,0.0,10
0.0,0.0,0.0,0.0,0.0,0.0,0.0,0.0,0.0,0.0,10
0.0,0.0,0.0,0.0,0.0,0.0,0.0,0.0,0.0,0.0,10
0.0,0.0,0.0,0.0,0.0,0.0,0.0,0.0,0.0,0.0,10
0.0,0.0,0.0,0.0,0.0,0.0,0.0,0.0,0.0,0.0,10
0.0,0.0,0.0,0.0,0.0,0.0,0.0,0.0,0.0,0.0,10
0.0,0.0,0.0,0.0,0.0,0.0,0.0,0.0,0.0,0.0,10
0.0,0.0,0.0,0.0,0.0,0.0,0.0,0.0,0.0,0.0,10
0.0,0.0,0.0,0.0,0.0,0.0,0.0,0.0,0.0,0.0,10
0.0,0.0,0.0,0.0,0.0,0.0,0.0,0.0,0.0,0.0,10
0.0,0.0,0.0,0.0,0.0,0.0,0.0,0.0,0.0,0.0,10
0.0,0.0,0.0,0.0,0.0,0.0,0.0,0.0,0.0,0.0,10
0.0,0.0,0.0,0.0,0.0,0.0,0.0,0.0,0.0,0.0,10
0.0,0.0,0.0,0.0,0.0,0.0,0.0,0.0,0.0,0.0,10
0.0,0.0,0.0,0.0,0.0,0.0,0.0,0.0,0.0,0.0,10
0.0,0.0,0.0,0.0,0.0,0.0,0.0,0.0,0.0,0.0,10
0.0,0.0,0.0,0.0,0.0,0.0,0.0,0.0,0.0,0.0,10
0.0,0.0,0.0,0.0,0.0,0.0,0.0,0.0,0.0,0.0,10
0.0,0.0,0.0,0.0,0.0,0.0,0.0,0.0,0.0,0.0,10
0.0,0.0,0.0,0.0,0.0,0.0,0.0,0.0,0.0,0.0,10
0.0,0.0,0.0,0.0,0.0,0.0,0.0,0.0,0.0,0.0,10
0.0,0.0,0.0,0.0,0.0,0.0,0.0,0.0,0.0,0.0,10
0.0,0.0,0.0,0.0,0.0,0.0,0.0,0.0,0.0,0.0,10
0.0,0.0,0.0,0.0,0.0,0.0,0.0,0.0,0.0,0.0,10
0.0,0.0,0.0,0.0,0.0,0.0,0.0,0.0,0.0,0.0,10
0.0,0.0,0.0,0.0,0.0,0.0,0.0,0.0,0.0,0.0,10
0.0,0.0,0.0,0.0,0.0,0.0,0.0,0.0,0.0,0.0,10
0.0,0.0,0.0,0.0,0.0,0.0,0.0,0.0,0.0,0.0,10
0.0,0.0,0.0,0.0,0.0,0.0,0.0,0.0,0.0,0.0,10
0.0,0.0,0.0,0.0,0.0,0.0,0.0,0.0,0.0,0.0,10
0.0,0.0,0.0,0.0,0.0,0.0,0.0,0.0,0.0,0.0,10
0.0,0.0,0.0,0.0,0.0,0.0,0.0,0.0,0.0,0.0,10
0.0,0.0,0.0,0.0,0.0,0.0,0.0,0.0,0.0,0.0,10
0.0,0.0,0.0,0.0,0.0,0.0,0.0,0.0,0.0,0.0,10
0.0,0.0,0.0,0.0,0.0,0.0,0.0,0.0,0.0,0.0,10
0.0,0.0,0.0,0.0,0.0,0.0,0.0,0.0,0.0,0.0,10
0.0,0.0,0.0,0.0,0.0,0.0,0.0,0.0,0.0,0.0,10
0.0,0.0,0.0,0.0,0.0,0.0,0.0,0.0,0.0,0.0,10
0.0,0.0,0.0,0.0,0.0,0.0,0.0,0.0,0.0,0.0,10
0.0,0.0,0.0,0.0,0.0,0.0,0.0,0.0,0.0,0.0,10
0.0,0.0,0.0,0.0,0.0,0.0,0.0,0.0,0.0,0.0,10
0.0,0.0,0.0,0.0,0.0,0.0,0.0,0.0,0.0,0.0,10
0.0,0.0,0.0,0.0,0.0,0.0,0.0,0.0,0.0,0.0,10
0.0,0.0,0.0,0.0,0.0,0.0,0.0,0.0,0.0,0.0,10
0.0,0.0,0.0,0.0,0.0,0.0,0.0,0.0,0.0,0.0,10
0.0,0.0,0.0,0.0,0.0,0.0,0.0,0.0,0.0,0.0,10
0.0,0.0,0.0,0.0,0.0,0.0,0.0,0.0,0.0,0.0,10
0.0,0.0,0.0,0.0,0.0,0.0,0.0,0.0,0.0,0.0,10
0.0,0.0,0.0,0.0,0.0,0.0,0.0,0.0,0.0,0.0,10
0.0,0.0,0.0,0.0,0.0,0.0,0.0,0.0,0.0,0.0,10
0.0,0.0,0.0,0.0,0.0,0.0,0.0,0.0,0.0,0.0,10
0.0,0.0,0.0,0.0,0.0,0.0,0.0,0.0,0.0,0.0,10
0.0,0.0,0.0,0.0,0.0,0.0,0.0,0.0,0.0,0.0,10
0.0,0.0,0.0,0.0,0.0,0.0,0.0,0.0,0.0,0.0,10
0.0,0.0,0.0,0.0,0.0,0.0,0.0,0.0,0.0,0.0,10
0.0,0.0,0.0,0.0,0.0,0.0,0.0,0.0,0.0,0.0,10
0.0,0.0,0.0,0.0,0.0,0.0,0.0,0.0,0.0,0.0,10
0.0,0.0,0.0,0.0,0.0,0.0,0.0,0.0,0.0,0.0,10
0.0,0.0,0.0,0.0,0.0,0.0,0.0,0.0,0.0,0.0,10
0.0,0.0,0.0,0.0,0.0,0.0,0.0,0.0,0.0,0.0,10
0.0,0.0,0.0,0.0,0.0,0.0,0.0,0.0,0.0,0.0,10
0.0,0.0,0.0,0.0,0.0,0.0,0.0,0.0,0.0,0.0,10
0.0,0.0,0.0,0.0,0.0,0.0,0.0,0.0,0.0,0.0,10
0.0,0.0,0.0,0.0,0.0,0.0,0.0,0.0,0.0,0.0,10
0.0,0.0,0.0,0.0,0.0,0.0,0.0,0.0,0.0,0.0,10
0.0,0.0,0.0,0.0,0.0,0.0,0.0,0.0,0.0,0.0,10
0.0,0.0,0.0,0.0,0.0,0.0,0.0,0.0,0.0,0.0,10
0.0,0.0,0.0,0.0,0.0,0.0,0.0,0.0,0.0,0.0,10
0.0,0.0,0.0,0.0,0.0,0.0,0.0,0.0,0.0,0.0,10
0.0,0.0,0.0,0.0,0.0,0.0,0.0,0.0,0.0,0.0,10
0.0,0.0,0.0,0.0,0.0,0.0,0.0,0.0,0.0,0.0,10
0.0,0.0,0.0,0.0,0.0,0.0,0.0,0.0,0.0,0.0,10
0.0,0.0,0.0,0.0,0.0,0.0,0.0,0.0,0.0,0.0,10
0.0,0.0,0.0,0.0,0.0,0.0,0.0,0.0,0.0,0.0,10
0.0,0.0,0.0,0.0,0.0,0.0,0.0,0.0,0.0,0.0,10
0.0,0.0,0.0,0.0,0.0,0.0,0.0,0.0,0.0,0.0,10
0.0,0.0,0.0,0.0,0.0,0.0,0.0,0.0,0.0,0.0,10
0.0,0.0,0.0,0.0,0.0,0.0,0.0,0.0,0.0,0.0,10
0.0,0.0,0.0,0.0,0.0,0.0,0.0,0.0,0.0,0.0,10
0.0,0.0,0.0,0.0,0.0,0.0,0.0,0.0,0.0,0.0,10
0.0,0.0,0.0,0.0,0.0,0.0,0.0,0.0,0.0,0.0,10
0.0,0.0,0.0,0.0,0.0,0.0,0.0,0.0,0.0,0.0,10
0.0,0.0,0.0,0.0,0.0,0.0,0.0,0.0,0.0,0.0,10
0.0,0.0,0.0,0.0,0.0,0.0,0.0,0.0,0.0,0.0,10
0.0,0.0,0.0,0.0,0.0,0.0,0.0,0.0,0.0,0.0,10
0.0,0.0,0.0,0.0,0.0,0.0,0.0,0.0,0.0,0.0,10
0.0,0.0,0.0,0.0,0.0,0.0,0.0,0.0,0.0,0.0,10
0.0,0.0,0.0,0.0,0.0,0.0,0.0,0.0,0.0,0.0,10
0.0,0.0,0.0,0.0,0.0,0.0,0.0,0.0,0.0,0.0,10
0.0,0.0,0.0,0.0,0.0,0.0,0.0,0.0,0.0,0.0,10
0.0,0.0,0.0,0.0,0.0,0.0,0.0,0.0,0.0,0.0,10
0.0,0.0,0.0,0.0,0.0,0.0,0.0,0.0,0.0,0.0,10
0.0,0.0,0.0,0.0,0.0,0.0,0.0,0.0,0.0,0.0,10
0.0,0.0,0.0,0.0,0.0,0.0,0.0,0.0,0.0,0.0,10
0.0,0.0,0.0,0.0,0.0,0.0,0.0,0.0,0.0,0.0,10
0.0,0.0,0.0,0.0,0.0,0.0,0.0,0.0,0.0,0.0,10
0.0,0.0,0.0,0.0,0.0,0.0,0.0,0.0,0.0,0.0,10
0.0,0.0,0.0,0.0,0.0,0.0,0.0,0.0,0.0,0.0,10
0.0,0.0,0.0,0.0,0.0,0.0,0.0,0.0,0.0,0.0,10
0.0,0.0,0.0,0.0,0.0,0.0,0.0,0.0,0.0,0.0,10
0.0,0.0,0.0,0.0,0.0,0.0,0.0,0.0,0.0,0.0,10
0.0,0.0,0.0,0.0,0.0,0.0,0.0,0.0,0.0,0.0,10
0.0,0.0,0.0,0.0,0.0,0.0,0.0,0.0,0.0,0.0,10
0.0,0.0,0.0,0.0,0.0,0.0,0.0,0.0,0.0,0.0,10
0.0,0.0,0.0,0.0,0.0,0.0,0.0,0.0,0.0,0.0,10
0.0,0.0,0.0,0.0,0.0,0.0,0.0,0.0,0.0,0.0,10
0.0,0.0,0.0,0.0,0.0,0.0,0.0,0.0,0.0,0.0,10
0.0,0.0,0.0,0.0,0.0,0.0,0.0,0.0,0.0,0.0,10
0.0,0.0,0.0,0.0,0.0,0.0,0.0,0.0,0.0,0.0,10
0.0,0.0,0.0,0.0,0.0,0.0,0.0,0.0,0.0,0.0,10
0.0,0.0,0.0,0.0,0.0,0.0,0.0,0.0,0.0,0.0,10
0.0,0.0,0.0,0.0,0.0,0.0,0.0,0.0,0.0,0.0,10
0.0,0.0,0.0,0.0,0.0,0.0,0.0,0.0,0.0,0.0,10
0.0,0.0,0.0,0.0,0.0,0.0,0.0,0.0,0.0,0.0,10
0.0,0.0,0.0,0.0,0.0,0.0,0.0,0.0,0.0,0.0,10
0.0,0.0,0.0,0.0,0.0,0.0,0.0,0.0,0.0,0.0,10
0.0,0.0,0.0,0.0,0.0,0.0,0.0,0.0,0.0,0.0,10
0.0,0.0,0.0,0.0,0.0,0.0,0.0,0.0,0.0,0.0,10
0.0,0.0,0.0,0.0,0.0,0.0,0.0,0.0,0.0,0.0,10
0.0,0.0,0.0,0.0,0.0,0.0,0.0,0.0,0.0,0.0,10
0.0,0.0,0.0,0.0,0.0,0.0,0.0,0.0,0.0,0.0,10
0.0,0.0,0.0,0.0,0.0,0.0,0.0,0.0,0.0,0.0,10
0.0,0.0,0.0,0.0,0.0,0.0,0.0,0.0,0.0,0.0,10
0.0,0.0,0.0,0.0,0.0,0.0,0.0,0.0,0.0,0.0,10
0.0,0.0,0.0,0.0,0.0,0.0,0.0,0.0,0.0,0.0,10
0.0,0.0,0.0,0.0,0.0,0.0,0.0,0.0,0.0,0.0,10
0.0,0.0,0.0,0.0,0.0,0.0,0.0,0.0,0.0,0.0,10
0.0,0.0,0.0,0.0,0.0,0.0,0.0,0.0,0.0,0.0,10
0.0,0.0,0.0,0.0,0.0,0.0,0.0,0.0,0.0,0.0,10
0.0,0.0,0.0,0.0,0.0,0.0,0.0,0.0,0.0,0.0,10
0.0,0.0,0.0,0.0,0.0,0.0,0.0,0.0,0.0,0.0,10
0.0,0.0,0.0,0.0,0.0,0.0,0.0,0.0,0.0,0.0,10
0.0,0.0,0.0,0.0,0.0,0.0,0.0,0.0,0.0,0.0,10
0.0,0.0,0.0,0.0,0.0,0.0,0.0,0.0,0.0,0.0,10
0.0,0.0,0.0,0.0,0.0,0.0,0.0,0.0,0.0,0.0,10
0.0,0.0,0.0,0.0,0.0,0.0,0.0,0.0,0.0,0.0,10
0.0,0.0,0.0,0.0,0.0,0.0,0.0,0.0,0.0,0.0,10
0.0,0.0,0.0,0.0,0.0,0.0,0.0,0.0,0.0,0.0,10
0.0,0.0,0.0,0.0,0.0,0.0,0.0,0.0,0.0,0.0,10
0.0,0.0,0.0,0.0,0.0,0.0,0.0,0.0,0.0,0.0,10
0.0,0.0,0.0,0.0,0.0,0.0,0.0,0.0,0.0,0.0,10
0.0,0.0,0.0,0.0,0.0,0.0,0.0,0.0,0.0,0.0,10
0.0,0.0,0.0,0.0,0.0,0.0,0.0,0.0,0.0,0.0,10
0.0,0.0,0.0,0.0,0.0,0.0,0.0,0.0,0.0,0.0,10
0.0,0.0,0.0,0.0,0.0,0.0,0.0,0.0,0.0,0.0,10
0.0,0.0,0.0,0.0,0.0,0.0,0.0,0.0,0.0,0.0,10
0.0,0.0,0.0,0.0,0.0,0.0,0.0,0.0,0.0,0.0,10
0.0,0.0,0.0,0.0,0.0,0.0,0.0,0.0,0.0,0.0,10
0.0,0.0,0.0,0.0,0.0,0.0,0.0,0.0,0.0,0.0,10
0.0,0.0,0.0,0.0,0.0,0.0,0.0,0.0,0.0,0.0,10
0.0,0.0,0.0,0.0,0.0,0.0,0.0,0.0,0.0,0.0,10
0.0,0.0,0.0,0.0,0.0,0.0,0.0,0.0,0.0,0.0,10
0.0,0.0,0.0,0.0,0.0,0.0,0.0,0.0,0.0,0.0,10
0.0,0.0,0.0,0.0,0.0,0.0,0.0,0.0,0.0,0.0,10
0.0,0.0,0.0,0.0,0.0,0.0,0.0,0.0,0.0,0.0,10
0.0,0.0,0.0,0.0,0.0,0.0,0.0,0.0,0.0,0.0,10
0.0,0.0,0.0,0.0,0.0,0.0,0.0,0.0,0.0,0.0,10
0.0,0.0,0.0,0.0,0.0,0.0,0.0,0.0,0.0,0.0,10
0.0,0.0,0.0,0.0,0.0,0.0,0.0,0.0,0.0,0.0,10
0.0,0.0,0.0,0.0,0.0,0.0,0.0,0.0,0.0,0.0,10
0.0,0.0,0.0,0.0,0.0,0.0,0.0,0.0,0.0,0.0,10
0.0,0.0,0.0,0.0,0.0,0.0,0.0,0.0,0.0,0.0,10
0.0,0.0,0.0,0.0,0.0,0.0,0.0,0.0,0.0,0.0,10
0.0,0.0,0.0,0.0,0.0,0.0,0.0,0.0,0.0,0.0,10
0.0,0.0,0.0,0.0,0.0,0.0,0.0,0.0,0.0,0.0,10
0.0,0.0,0.0,0.0,0.0,0.0,0.0,0.0,0.0,0.0,10
0.0,0.0,0.0,0.0,0.0,0.0,0.0,0.0,0.0,0.0,10
0.0,0.0,0.0,0.0,0.0,0.0,0.0,0.0,0.0,0.0,10
0.0,0.0,0.0,0.0,0.0,0.0,0.0,0.0,0.0,0.0,10
0.0,0.0,0.0,0.0,0.0,0.0,0.0,0.0,0.0,0.0,10
0.0,0.0,0.0,0.0,0.0,0.0,0.0,0.0,0.0,0.0,10
0.0,0.0,0.0,0.0,0.0,0.0,0.0,0.0,0.0,0.0,10
0.0,0.0,0.0,0.0,0.0,0.0,0.0,0.0,0.0,0.0,10
0.0,0.0,0.0,0.0,0.0,0.0,0.0,0.0,0.0,0.0,10
0.0,0.0,0.0,0.0,0.0,0.0,0.0,0.0,0.0,0.0,10
0.0,0.0,0.0,0.0,0.0,0.0,0.0,0.0,0.0,0.0,10
0.0,0.0,0.0,0.0,0.0,0.0,0.0,0.0,0.0,0.0,10
0.0,0.0,0.0,0.0,0.0,0.0,0.0,0.0,0.0,0.0,10
0.0,0.0,0.0,0.0,0.0,0.0,0.0,0.0,0.0,0.0,10
0.0,0.0,0.0,0.0,0.0,0.0,0.0,0.0,0.0,0.0,10
0.0,0.0,0.0,0.0,0.0,0.0,0.0,0.0,0.0,0.0,10
0.0,0.0,0.0,0.0,0.0,0.0,0.0,0.0,0.0,0.0,10
0.0,0.0,0.0,0.0,0.0,0.0,0.0,0.0,0.0,0.0,10
0.0,0.0,0.0,0.0,0.0,0.0,0.0,0.0,0.0,0.0,10
0.0,0.0,0.0,0.0,0.0,0.0,0.0,0.0,0.0,0.0,10
0.0,0.0,0.0,0.0,0.0,0.0,0.0,0.0,0.0,0.0,10
0.0,0.0,0.0,0.0,0.0,0.0,0.0,0.0,0.0,0.0,10
0.0,0.0,0.0,0.0,0.0,0.0,0.0,0.0,0.0,0.0,10
0.0,0.0,0.0,0.0,0.0,0.0,0.0,0.0,0.0,0.0,10
0.0,0.0,0.0,0.0,0.0,0.0,0.0,0.0,0.0,0.0,10
0.0,0.0,0.0,0.0,0.0,0.0,0.0,0.0,0.0,0.0,10
0.0,0.0,0.0,0.0,0.0,0.0,0.0,0.0,0.0,0.0,10
0.0,0.0,0.0,0.0,0.0,0.0,0.0,0.0,0.0,0.0,10
0.0,0.0,0.0,0.0,0.0,0.0,0.0,0.0,0.0,0.0,10
0.0,0.0,0.0,0.0,0.0,0.0,0.0,0.0,0.0,0.0,10
0.0,0.0,0.0,0.0,0.0,0.0,0.0,0.0,0.0,0.0,10
0.0,0.0,0.0,0.0,0.0,0.0,0.0,0.0,0.0,0.0,10
0.0,0.0,0.0,0.0,0.0,0.0,0.0,0.0,0.0,0.0,10
0.0,0.0,0.0,0.0,0.0,0.0,0.0,0.0,0.0,0.0,10
0.0,0.0,0.0,0.0,0.0,0.0,0.0,0.0,0.0,0.0,10
0.0,0.0,0.0,0.0,0.0,0.0,0.0,0.0,0.0,0.0,10
0.0,0.0,0.0,0.0,0.0,0.0,0.0,0.0,0.0,0.0,10
0.0,0.0,0.0,0.0,0.0,0.0,0.0,0.0,0.0,0.0,10
0.0,0.0,0.0,0.0,0.0,0.0,0.0,0.0,0.0,0.0,10
0.0,0.0,0.0,0.0,0.0,0.0,0.0,0.0,0.0,0.0,10
0.0,0.0,0.0,0.0,0.0,0.0,0.0,0.0,0.0,0.0,10
0.0,0.0,0.0,0.0,0.0,0.0,0.0,0.0,0.0,0.0,10
0.0,0.0,0.0,0.0,0.0,0.0,0.0,0.0,0.0,0.0,10
0.0,0.0,0.0,0.0,0.0,0.0,0.0,0.0,0.0,0.0,10
0.0,0.0,0.0,0.0,0.0,0.0,0.0,0.0,0.0,0.0,10
0.0,0.0,0.0,0.0,0.0,0.0,0.0,0.0,0.0,0.0,10
0.0,0.0,0.0,0.0,0.0,0.0,0.0,0.0,0.0,0.0,10
0.0,0.0,0.0,0.0,0.0,0.0,0.0,0.0,0.0,0.0,10
0.0,0.0,0.0,0.0,0.0,0.0,0.0,0.0,0.0,0.0,10
0.0,0.0,0.0,0.0,0.0,0.0,0.0,0.0,0.0,0.0,10
0.0,0.0,0.0,0.0,0.0,0.0,0.0,0.0,0.0,0.0,10
0.0,0.0,0.0,0.0,0.0,0.0,0.0,0.0,0.0,0.0,10
0.0,0.0,0.0,0.0,0.0,0.0,0.0,0.0,0.0,0.0,10
0.0,0.0,0.0,0.0,0.0,0.0,0.0,0.0,0.0,0.0,10
0.0,0.0,0.0,0.0,0.0,0.0,0.0,0.0,0.0,0.0,10
0.0,0.0,0.0,0.0,0.0,0.0,0.0,0.0,0.0,0.0,10
0.0,0.0,0.0,0.0,0.0,0.0,0.0,0.0,0.0,0.0,10
0.0,0.0,0.0,0.0,0.0,0.0,0.0,0.0,0.0,0.0,10
0.0,0.0,0.0,0.0,0.0,0.0,0.0,0.0,0.0,0.0,10
0.0,0.0,0.0,0.0,0.0,0.0,0.0,0.0,0.0,0.0,10
0.0,0.0,0.0,0.0,0.0,0.0,0.0,0.0,0.0,0.0,10
0.0,0.0,0.0,0.0,0.0,0.0,0.0,0.0,0.0,0.0,10
0.0,0.0,0.0,0.0,0.0,0.0,0.0,0.0,0.0,0.0,10
0.0,0.0,0.0,0.0,0.0,0.0,0.0,0.0,0.0,0.0,10
0.0,0.0,0.0,0.0,0.0,0.0,0.0,0.0,0.0,0.0,10
0.0,0.0,0.0,0.0,0.0,0.0,0.0,0.0,0.0,0.0,10
0.0,0.0,0.0,0.0,0.0,0.0,0.0,0.0,0.0,0.0,10
0.0,0.0,0.0,0.0,0.0,0.0,0.0,0.0,0.0,0.0,10
0.0,0.0,0.0,0.0,0.0,0.0,0.0,0.0,0.0,0.0,10
0.0,0.0,0.0,0.0,0.0,0.0,0.0,0.0,0.0,0.0,10
0.0,0.0,0.0,0.0,0.0,0.0,0.0,0.0,0.0,0.0,10
0.0,0.0,0.0,0.0,0.0,0.0,0.0,0.0,0.0,0.0,10
0.0,0.0,0.0,0.0,0.0,0.0,0.0,0.0,0.0,0.0,10
0.0,0.0,0.0,0.0,0.0,0.0,0.0,0.0,0.0,0.0,10
0.0,0.0,0.0,0.0,0.0,0.0,0.0,0.0,0.0,0.0,10
0.0,0.0,0.0,0.0,0.0,0.0,0.0,0.0,0.0,0.0,10
0.0,0.0,0.0,0.0,0.0,0.0,0.0,0.0,0.0,0.0,10
0.0,0.0,0.0,0.0,0.0,0.0,0.0,0.0,0.0,0.0,10
0.0,0.0,0.0,0.0,0.0,0.0,0.0,0.0,0.0,0.0,10
0.0,0.0,0.0,0.0,0.0,0.0,0.0,0.0,0.0,0.0,10
0.0,0.0,0.0,0.0,0.0,0.0,0.0,0.0,0.0,0.0,10
0.0,0.0,0.0,0.0,0.0,0.0,0.0,0.0,0.0,0.0,10
0.0,0.0,0.0,0.0,0.0,0.0,0.0,0.0,0.0,0.0,10
0.0,0.0,0.0,0.0,0.0,0.0,0.0,0.0,0.0,0.0,10
0.0,0.0,0.0,0.0,0.0,0.0,0.0,0.0,0.0,0.0,10
0.0,0.0,0.0,0.0,0.0,0.0,0.0,0.0,0.0,0.0,10
0.0,0.0,0.0,0.0,0.0,0.0,0.0,0.0,0.0,0.0,10
0.0,0.0,0.0,0.0,0.0,0.0,0.0,0.0,0.0,0.0,10
0.0,0.0,0.0,0.0,0.0,0.0,0.0,0.0,0.0,0.0,10
0.0,0.0,0.0,0.0,0.0,0.0,0.0,0.0,0.0,0.0,10
0.0,0.0,0.0,0.0,0.0,0.0,0.0,0.0,0.0,0.0,10
0.0,0.0,0.0,0.0,0.0,0.0,0.0,0.0,0.0,0.0,10
0.0,0.0,0.0,0.0,0.0,0.0,0.0,0.0,0.0,0.0,10
0.0,0.0,0.0,0.0,0.0,0.0,0.0,0.0,0.0,0.0,10
0.0,0.0,0.0,0.0,0.0,0.0,0.0,0.0,0.0,0.0,10
0.0,0.0,0.0,0.0,0.0,0.0,0.0,0.0,0.0,0.0,10
0.0,0.0,0.0,0.0,0.0,0.0,0.0,0.0,0.0,0.0,10
0.0,0.0,0.0,0.0,0.0,0.0,0.0,0.0,0.0,0.0,10
0.0,0.0,0.0,0.0,0.0,0.0,0.0,0.0,0.0,0.0,10
0.0,0.0,0.0,0.0,0.0,0.0,0.0,0.0,0.0,0.0,10
0.0,0.0,0.0,0.0,0.0,0.0,0.0,0.0,0.0,0.0,10
0.0,0.0,0.0,0.0,0.0,0.0,0.0,0.0,0.0,0.0,10
0.0,0.0,0.0,0.0,0.0,0.0,0.0,0.0,0.0,0.0,10
0.0,0.0,0.0,0.0,0.0,0.0,0.0,0.0,0.0,0.0,10
0.0,0.0,0.0,0.0,0.0,0.0,0.0,0.0,0.0,0.0,10
0.0,0.0,0.0,0.0,0.0,0.0,0.0,0.0,0.0,0.0,10
0.0,0.0,0.0,0.0,0.0,0.0,0.0,0.0,0.0,0.0,10
0.0,0.0,0.0,0.0,0.0,0.0,0.0,0.0,0.0,0.0,10
0.0,0.0,0.0,0.0,0.0,0.0,0.0,0.0,0.0,0.0,10
0.0,0.0,0.0,0.0,0.0,0.0,0.0,0.0,0.0,0.0,10
0.0,0.0,0.0,0.0,0.0,0.0,0.0,0.0,0.0,0.0,10
0.0,0.0,0.0,0.0,0.0,0.0,0.0,0.0,0.0,0.0,10
0.0,0.0,0.0,0.0,0.0,0.0,0.0,0.0,0.0,0.0,10
0.0,0.0,0.0,0.0,0.0,0.0,0.0,0.0,0.0,0.0,10
0.0,0.0,0.0,0.0,0.0,0.0,0.0,0.0,0.0,0.0,10
0.0,0.0,0.0,0.0,0.0,0.0,0.0,0.0,0.0,0.0,10
0.0,0.0,0.0,0.0,0.0,0.0,0.0,0.0,0.0,0.0,10
0.0,0.0,0.0,0.0,0.0,0.0,0.0,0.0,0.0,0.0,10
0.0,0.0,0.0,0.0,0.0,0.0,0.0,0.0,0.0,0.0,10
0.0,0.0,0.0,0.0,0.0,0.0,0.0,0.0,0.0,0.0,10
0.0,0.0,0.0,0.0,0.0,0.0,0.0,0.0,0.0,0.0,10
0.0,0.0,0.0,0.0,0.0,0.0,0.0,0.0,0.0,0.0,10
0.0,0.0,0.0,0.0,0.0,0.0,0.0,0.0,0.0,0.0,10
0.0,0.0,0.0,0.0,0.0,0.0,0.0,0.0,0.0,0.0,10
0.0,0.0,0.0,0.0,0.0,0.0,0.0,0.0,0.0,0.0,10
0.0,0.0,0.0,0.0,0.0,0.0,0.0,0.0,0.0,0.0,10
0.0,0.0,0.0,0.0,0.0,0.0,0.0,0.0,0.0,0.0,10
0.0,0.0,0.0,0.0,0.0,0.0,0.0,0.0,0.0,0.0,10
0.0,0.0,0.0,0.0,0.0,0.0,0.0,0.0,0.0,0.0,10
0.0,0.0,0.0,0.0,0.0,0.0,0.0,0.0,0.0,0.0,10
0.0,0.0,0.0,0.0,0.0,0.0,0.0,0.0,0.0,0.0,10
0.0,0.0,0.0,0.0,0.0,0.0,0.0,0.0,0.0,0.0,10
0.0,0.0,0.0,0.0,0.0,0.0,0.0,0.0,0.0,0.0,10
0.0,0.0,0.0,0.0,0.0,0.0,0.0,0.0,0.0,0.0,10
0.0,0.0,0.0,0.0,0.0,0.0,0.0,0.0,0.0,0.0,10
0.0,0.0,0.0,0.0,0.0,0.0,0.0,0.0,0.0,0.0,10
0.0,0.0,0.0,0.0,0.0,0.0,0.0,0.0,0.0,0.0,10
0.0,0.0,0.0,0.0,0.0,0.0,0.0,0.0,0.0,0.0,10
0.0,0.0,0.0,0.0,0.0,0.0,0.0,0.0,0.0,0.0,10
0.0,0.0,0.0,0.0,0.0,0.0,0.0,0.0,0.0,0.0,10
0.0,0.0,0.0,0.0,0.0,0.0,0.0,0.0,0.0,0.0,10
0.0,0.0,0.0,0.0,0.0,0.0,0.0,0.0,0.0,0.0,10
0.0,0.0,0.0,0.0,0.0,0.0,0.0,0.0,0.0,0.0,10
0.0,0.0,0.0,0.0,0.0,0.0,0.0,0.0,0.0,0.0,10
0.0,0.0,0.0,0.0,0.0,0.0,0.0,0.0,0.0,0.0,10
0.0,0.0,0.0,0.0,0.0,0.0,0.0,0.0,0.0,0.0,10
0.0,0.0,0.0,0.0,0.0,0.0,0.0,0.0,0.0,0.0,10
0.0,0.0,0.0,0.0,0.0,0.0,0.0,0.0,0.0,0.0,10
0.0,0.0,0.0,0.0,0.0,0.0,0.0,0.0,0.0,0.0,10
0.0,0.0,0.0,0.0,0.0,0.0,0.0,0.0,0.0,0.0,10
0.0,0.0,0.0,0.0,0.0,0.0,0.0,0.0,0.0,0.0,10
0.0,0.0,0.0,0.0,0.0,0.0,0.0,0.0,0.0,0.0,10
0.0,0.0,0.0,0.0,0.0,0.0,0.0,0.0,0.0,0.0,10
0.0,0.0,0.0,0.0,0.0,0.0,0.0,0.0,0.0,0.0,10
0.0,0.0,0.0,0.0,0.0,0.0,0.0,0.0,0.0,0.0,10
0.0,0.0,0.0,0.0,0.0,0.0,0.0,0.0,0.0,0.0,10
0.0,0.0,0.0,0.0,0.0,0.0,0.0,0.0,0.0,0.0,10
0.0,0.0,0.0,0.0,0.0,0.0,0.0,0.0,0.0,0.0,10
0.0,0.0,0.0,0.0,0.0,0.0,0.0,0.0,0.0,0.0,10
0.0,0.0,0.0,0.0,0.0,0.0,0.0,0.0,0.0,0.0,10
0.0,0.0,0.0,0.0,0.0,0.0,0.0,0.0,0.0,0.0,10
0.0,0.0,0.0,0.0,0.0,0.0,0.0,0.0,0.0,0.0,10
0.0,0.0,0.0,0.0,0.0,0.0,0.0,0.0,0.0,0.0,10
0.0,0.0,0.0,0.0,0.0,0.0,0.0,0.0,0.0,0.0,10
0.0,0.0,0.0,0.0,0.0,0.0,0.0,0.0,0.0,0.0,10
0.0,0.0,0.0,0.0,0.0,0.0,0.0,0.0,0.0,0.0,10
0.0,0.0,0.0,0.0,0.0,0.0,0.0,0.0,0.0,0.0,10
0.0,0.0,0.0,0.0,0.0,0.0,0.0,0.0,0.0,0.0,10
0.0,0.0,0.0,0.0,0.0,0.0,0.0,0.0,0.0,0.0,10
0.0,0.0,0.0,0.0,0.0,0.0,0.0,0.0,0.0,0.0,10
0.0,0.0,0.0,0.0,0.0,0.0,0.0,0.0,0.0,0.0,10
0.0,0.0,0.0,0.0,0.0,0.0,0.0,0.0,0.0,0.0,10
0.0,0.0,0.0,0.0,0.0,0.0,0.0,0.0,0.0,0.0,10
0.0,0.0,0.0,0.0,0.0,0.0,0.0,0.0,0.0,0.0,10
0.0,0.0,0.0,0.0,0.0,0.0,0.0,0.0,0.0,0.0,10
0.0,0.0,0.0,0.0,0.0,0.0,0.0,0.0,0.0,0.0,10
0.0,0.0,0.0,0.0,0.0,0.0,0.0,0.0,0.0,0.0,10
0.0,0.0,0.0,0.0,0.0,0.0,0.0,0.0,0.0,0.0,10
0.0,0.0,0.0,0.0,0.0,0.0,0.0,0.0,0.0,0.0,10
0.0,0.0,0.0,0.0,0.0,0.0,0.0,0.0,0.0,0.0,10
0.0,0.0,0.0,0.0,0.0,0.0,0.0,0.0,0.0,0.0,10
0.0,0.0,0.0,0.0,0.0,0.0,0.0,0.0,0.0,0.0,10
0.0,0.0,0.0,0.0,0.0,0.0,0.0,0.0,0.0,0.0,10
0.0,0.0,0.0,0.0,0.0,0.0,0.0,0.0,0.0,0.0,10
0.0,0.0,0.0,0.0,0.0,0.0,0.0,0.0,0.0,0.0,10
0.0,0.0,0.0,0.0,0.0,0.0,0.0,0.0,0.0,0.0,10
0.0,0.0,0.0,0.0,0.0,0.0,0.0,0.0,0.0,0.0,10
0.0,0.0,0.0,0.0,0.0,0.0,0.0,0.0,0.0,0.0,10
0.0,0.0,0.0,0.0,0.0,0.0,0.0,0.0,0.0,0.0,10
0.0,0.0,0.0,0.0,0.0,0.0,0.0,0.0,0.0,0.0,10
0.0,0.0,0.0,0.0,0.0,0.0,0.0,0.0,0.0,0.0,10
0.0,0.0,0.0,0.0,0.0,0.0,0.0,0.0,0.0,0.0,10
0.0,0.0,0.0,0.0,0.0,0.0,0.0,0.0,0.0,0.0,10
0.0,0.0,0.0,0.0,0.0,0.0,0.0,0.0,0.0,0.0,10
0.0,0.0,0.0,0.0,0.0,0.0,0.0,0.0,0.0,0.0,10
0.0,0.0,0.0,0.0,0.0,0.0,0.0,0.0,0.0,0.0,10
0.0,0.0,0.0,0.0,0.0,0.0,0.0,0.0,0.0,0.0,10
0.0,0.0,0.0,0.0,0.0,0.0,0.0,0.0,0.0,0.0,10
0.0,0.0,0.0,0.0,0.0,0.0,0.0,0.0,0.0,0.0,10
0.0,0.0,0.0,0.0,0.0,0.0,0.0,0.0,0.0,0.0,10
0.0,0.0,0.0,0.0,0.0,0.0,0.0,0.0,0.0,0.0,10
0.0,0.0,0.0,0.0,0.0,0.0,0.0,0.0,0.0,0.0,10
0.0,0.0,0.0,0.0,0.0,0.0,0.0,0.0,0.0,0.0,10
0.0,0.0,0.0,0.0,0.0,0.0,0.0,0.0,0.0,0.0,10
0.0,0.0,0.0,0.0,0.0,0.0,0.0,0.0,0.0,0.0,10
0.0,0.0,0.0,0.0,0.0,0.0,0.0,0.0,0.0,0.0,10
0.0,0.0,0.0,0.0,0.0,0.0,0.0,0.0,0.0,0.0,10
0.0,0.0,0.0,0.0,0.0,0.0,0.0,0.0,0.0,0.0,10
0.0,0.0,0.0,0.0,0.0,0.0,0.0,0.0,0.0,0.0,10
0.0,0.0,0.0,0.0,0.0,0.0,0.0,0.0,0.0,0.0,10
0.0,0.0,0.0,0.0,0.0,0.0,0.0,0.0,0.0,0.0,10
0.0,0.0,0.0,0.0,0.0,0.0,0.0,0.0,0.0,0.0,10
0.0,0.0,0.0,0.0,0.0,0.0,0.0,0.0,0.0,0.0,10
0.0,0.0,0.0,0.0,0.0,0.0,0.0,0.0,0.0,0.0,10
0.0,0.0,0.0,0.0,0.0,0.0,0.0,0.0,0.0,0.0,10
0.0,0.0,0.0,0.0,0.0,0.0,0.0,0.0,0.0,0.0,10
0.0,0.0,0.0,0.0,0.0,0.0,0.0,0.0,0.0,0.0,10
0.0,0.0,0.0,0.0,0.0,0.0,0.0,0.0,0.0,0.0,10
0.0,-2.651168024458972e-06,0.0,0.0,0.0,0.0,0.0,0.0,0.0,0.0,10
0.0,-4.96388203428122e-06,0.0,0.0,0.0,0.0,0.0,0.0,0.0,0.0,10
0.0,-1.03620076627009e-05,0.0,0.0,0.0,0.0,0.0,0.0,0.0,0.0,10
-0.0025427757631328,0.0025317458105303,0.0,0.0,0.0,0.0,0.0,0.0,0.0,0.0,10
0.0,0.0,-0.0102497694125312,0.0102367826344717,0.0,0.0,0.0,0.0,0.0,0.0,9
-2.4921098547525667e-05,0.0,0.0,0.0,0.0,0.0,0.0,0.0,0.0,0.0,10
0.0,-2.893652699436644e-05,0.0,0.0,0.0,0.0,0.0,0.0,0.0,0.0,10
0.0,-3.118349076514648e-05,0.0,0.0,0.0,0.0,0.0,0.0,0.0,0.0,10
0.0,-3.6502474424848776e-05,0.0,0.0,0.0,0.0,0.0,0.0,0.0,0.0,10
0.0,0.0,-3.780063625200558e-05,0.0,0.0,0.0,0.0,0.0,0.0,0.0,10
0.0027886537834738,0.0003939748948661,-0.0032370928654644,0.0,0.0,0.0,0.0,0.0,0.0,0.0,9
0.0,-6.062717750738855e-05,0.0,0.0,0.0,0.0,0.0,0.0,0.0,0.0,10
0.0,-6.338749321991854e-05,0.0,0.0,0.0,0.0,0.0,0.0,0.0,0.0,10
0.0,0.0,0.0,0.0,0.0,-6.538571271619276e-05,0.0,0.0,0.0,0.0,10
0.0,-6.71734281925851e-05,0.0,0.0,0.0,0.0,0.0,0.0,0.0,0.0,10
-7.110495678896989e-05,0.0,0.0,0.0,0.0,0.0,0.0,0.0,0.0,0.0,10
0.0,-7.690668911350951e-05,0.0,0.0,0.0,0.0,0.0,0.0,0.0,0.0,10
-7.872130354665829e-05,0.0,0.0,0.0,0.0,0.0,0.0,0.0,0.0,0.0,10
0.0,-8.067399333802072e-05,0.0,0.0,0.0,0.0,0.0,0.0,0.0,0.0,10
0.0,-8.357388922886622e-05,0.0,0.0,0.0,0.0,0.0,0.0,0.0,0.0,10
0.0,-0.0001084082450316,0.0,0.0,0.0,0.0,0.0,0.0,0.0,0.0,10
0.0005043563774173,-0.0006130239840307,0.0,0.0,0.0,0.0,0.0,0.0,0.0,0.0,9
0.0,-0.0001159249102138,0.0,0.0,0.0,0.0,0.0,0.0,0.0,0.0,10
0.0,-0.000129258513168,0.0,0.0,0.0,0.0,0.0,0.0,0.0,0.0,10
0.0,-0.0001292899955276,0.0,0.0,0.0,0.0,0.0,0.0,0.0,0.0,10
0.0,-0.0001472163715221,0.0,0.0,0.0,0.0,0.0,0.0,0.0,0.0,10
0.0,-0.0001555116986979,0.0,0.0,0.0,0.0,0.0,0.0,0.0,0.0,10
0.0,-0.0001558357593781,0.0,0.0,0.0,0.0,0.0,0.0,0.0,0.0,10
0.0,-0.0001686389425287,0.0,0.0,0.0,0.0,0.0,0.0,0.0,0.0,10
0.0,-0.0001703132022261,0.0,0.0,0.0,0.0,0.0,0.0,0.0,0.0,10
0.0,-0.0001744116844805,0.0,0.0,0.0,0.0,0.0,0.0,0.0,0.0,10
0.0,-0.0001779800974206,0.0,0.0,0.0,0.0,0.0,0.0,0.0,0.0,10
0.0,-0.000182869140717,0.0,0.0,0.0,0.0,0.0,0.0,0.0,0.0,10
0.0,0.0,-0.0001880247540366,0.0,0.0,0.0,0.0,0.0,0.0,0.0,10
0.0,-0.0002018300627921,0.0,0.0,0.0,0.0,0.0,0.0,0.0,0.0,10
0.0,-0.0002066535023169,0.0,0.0,0.0,0.0,0.0,0.0,0.0,0.0,10
0.0,-0.0002079588827884,0.0,0.0,0.0,0.0,0.0,0.0,0.0,0.0,10
0.0,-0.0002082023943313,0.0,0.0,0.0,0.0,0.0,0.0,0.0,0.0,10
0.0,-0.0002130337666894,0.0,0.0,0.0,0.0,0.0,0.0,0.0,0.0,10
0.0,-0.0002161895309935,0.0,0.0,0.0,0.0,0.0,0.0,0.0,0.0,10
0.0,-0.0002274080053194,0.0,0.0,0.0,0.0,0.0,0.0,0.0,0.0,10
0.0,-0.0002450237815616,0.0,0.0,0.0,0.0,0.0,0.0,0.0,0.0,10
-0.0002477603166009,0.0,0.0,0.0,0.0,0.0,0.0,0.0,0.0,0.0,10
0.0,-0.0002545790189181,0.0,0.0,0.0,0.0,0.0,0.0,0.0,0.0,10
-0.0002653637512216,0.0,0.0,0.0,0.0,0.0,0.0,0.0,0.0,0.0,10
0.0,-0.0002843469111477,0.0,0.0,0.0,0.0,0.0,0.0,0.0,0.0,10
0.0,-0.0002887824568899,0.0,0.0,0.0,0.0,0.0,0.0,0.0,0.0,10
0.0,-0.0002963884882244,0.0,0.0,0.0,0.0,0.0,0.0,0.0,0.0,10
0.0,-0.0003117462619309,0.0,0.0,0.0,0.0,0.0,0.0,0.0,0.0,10
-0.0003134405123848,0.0,0.0,0.0,0.0,0.0,0.0,0.0,0.0,0.0,10
0.0002342858775808,-0.0030465484558436,0.0,0.0,0.0,0.0,0.0,0.0,0.0,0.0024876621922556,9
0.0,0.0,-0.0003408936245548,0.0,0.0,0.0,0.0,0.0,0.0,0.0,10
0.0,0.0,0.0,0.0,0.0,-0.0003993087459955,0.0,0.0,0.0,0.0,10
0.0,-0.0004417641736522,0.0,0.0,0.0,0.0,0.0,0.0,0.0,0.0,10
0.0,-0.0004457702887635,0.0,0.0,0.0,0.0,0.0,0.0,0.0,0.0,10
-0.0004552667972628,0.0,0.0,0.0,0.0,0.0,0.0,0.0,0.0,0.0,10
0.0,-0.0004563063838443,0.0,0.0,0.0,0.0,0.0,0.0,0.0,0.0,10
0.0,-0.0004564667904728,0.0,0.0,0.0,0.0,0.0,0.0,0.0,0.0,10
0.0,-0.0004667285260963,0.0,0.0,0.0,0.0,0.0,0.0,0.0,0.0,10
0.0,-0.000471159903847,0.0,0.0,0.0,0.0,0.0,0.0,0.0,0.0,10
0.0,-0.0004821874755603,0.0,0.0,0.0,0.0,0.0,0.0,0.0,0.0,10
0.0,0.0,0.0,0.0,0.0,0.0,0.0,0.0,0.0,-0.000484363649274,10
0.0,-0.0004861309453555,0.0,0.0,0.0,0.0,0.0,0.0,0.0,0.0,10
0.0,-0.0003693586444654,-0.00011822645554,0.0,0.0,0.0,0.0,0.0,0.0,0.0,10
0.0,-0.0005209341755703,0.0,0.0,0.0,0.0,0.0,0.0,0.0,0.0,10
0.0085581926344473,0.0004864191086,0.0,-0.0095821726793423,0.0,0.0,0.0,0.0,0.0,0.0,9
0.0,-0.0005453585269265,0.0,0.0,0.0,0.0,0.0,0.0,0.0,0.0,10
0.0,-0.0005490481816143,0.0,0.0,0.0,0.0,0.0,0.0,0.0,0.0,10
0.0,0.0,0.0,0.0,0.0,0.0,0.0,0.0,0.0,-0.0005500720228718,10
0.0,-0.0005527080427181,0.0,0.0,0.0,0.0,0.0,0.0,0.0,0.0,10
0.0,0.0002043297433598,-0.0007687621309879,0.0,0.0,0.0,0.0,0.0,0.0,0.0,10
0.0,0.0,0.0,0.0,0.0,-0.000582545245535,0.0,0.0,0.0,0.0,10
0.0,-0.0005847079442077,0.0,0.0,0.0,0.0,0.0,0.0,0.0,0.0,10
0.0,-0.0005854915732635,0.0,0.0,0.0,0.0,0.0,0.0,0.0,0.0,10
0.0,-0.0005995846443774,0.0,0.0,0.0,0.0,0.0,0.0,0.0,0.0,10
0.0,-7.525784507980693e-05,0.0,0.0,0.0,0.0,0.0,0.0,0.0,-0.0005358939565807,10
-0.0006440719114261,0.0,0.0,0.0,0.0,0.0,0.0,0.0,0.0,0.0,10
-0.0006448673165328,0.0,0.0,0.0,0.0,0.0,0.0,0.0,0.0,0.0,10
0.0,-0.0006456085738345,0.0,0.0,0.0,0.0,0.0,0.0,0.0,0.0,10
-0.0046524609486227,0.0040021414566275,0.0,0.0,0.0,0.0,0.0,0.0,0.0,0.0,10
-0.000652520865015,0.0,0.0,0.0,0.0,0.0,0.0,0.0,0.0,0.0,10
0.0,-0.0006768389734809,0.0,0.0,0.0,0.0,0.0,0.0,0.0,0.0,10
-0.0003140033746895,0.0,0.0,0.0,0.0,-0.000369050354485,0.0,0.0,0.0,0.0,10
0.0,-0.0006894960323915,0.0,0.0,0.0,0.0,0.0,0.0,0.0,0.0,10
0.0,0.0041520429162047,-0.0048445498267487,0.0,0.0,0.0,0.0,0.0,0.0,0.0,10
0.0,0.0,0.0,-0.0007040591243596,0.0,0.0,0.0,0.0,0.0,0.0,10
0.0,-0.0003240465374846,0.0,0.0,0.0,-0.0003887690680121,0.0,0.0,0.0,0.0,10
0.0,0.0,-0.0007221881386826,0.0,0.0,0.0,0.0,0.0,0.0,0.0,10
0.0,0.0,0.0,0.0,0.0,-0.0002220279156827,0.0,0.0,0.0,-0.0005079330850308,10
0.0,-0.0007314847042826,0.0,0.0,0.0,0.0,0.0,0.0,0.0,0.0,10
0.0,-0.0001676424217689,0.0,0.0,0.0,0.0,0.0,0.0,0.0,-0.0005674447811696,10
0.0,-0.0007351878863828,0.0,0.0,0.0,0.0,0.0,0.0,0.0,0.0,10
-0.0007489889318761,0.0,0.0,0.0,0.0,0.0,0.0,0.0,0.0,0.0,10
0.0,-0.000767705835669,0.0,0.0,0.0,0.0,0.0,0.0,0.0,0.0,10
0.0,-0.0007682868390188,0.0,0.0,0.0,0.0,0.0,0.0,0.0,0.0,10
0.0,-0.0007750340212106,0.0,0.0,0.0,0.0,0.0,0.0,0.0,0.0,10
0.0,-0.0007811411061631,0.0,0.0,0.0,0.0,0.0,0.0,0.0,0.0,10
0.0,-0.0007925225182708,0.0,0.0,0.0,0.0,0.0,0.0,0.0,0.0,10
0.0,-0.0008107255675715,0.0,0.0,0.0,0.0,0.0,0.0,0.0,0.0,10
0.0,-0.0008142792612626,0.0,0.0,0.0,0.0,0.0,0.0,0.0,0.0,10
0.0,-0.0008224749966476,0.0,0.0,0.0,0.0,0.0,0.0,0.0,0.0,10
0.0,-0.0008370716574673,0.0,0.0,0.0,0.0,0.0,0.0,0.0,0.0,10
-0.0018225106131019,0.0009789547881175,0.0,0.0,0.0,0.0,0.0,0.0,0.0,0.0,10
0.0005536405986602,-0.0014050839338005,0.0,0.0,0.0,0.0,0.0,0.0,0.0,0.0,9
0.0,-0.0008578832431316,0.0,0.0,0.0,0.0,0.0,0.0,0.0,0.0,10
0.0,-0.0008750830456517,0.0,0.0,0.0,0.0,0.0,0.0,0.0,0.0,10
0.0,3.807460076010183e-05,0.0,0.0,0.0,0.0,0.0,0.0,0.0,-0.0009140643316214,10
0.0,-0.0008923970243468,0.0,0.0,0.0,0.0,0.0,0.0,0.0,0.0,10
0.0,-0.0008995938920944,0.0,0.0,0.0,0.0,0.0,0.0,0.0,0.0,10
0.0,-0.0009065908937925,0.0,0.0,0.0,0.0,0.0,0.0,0.0,0.0,10
0.0,0.0,-0.0009085035778997,0.0,0.0,0.0,0.0,0.0,0.0,0.0,10
0.0,-0.0009931398159129,0.0,0.0,0.0,0.0,0.0,0.0,0.0,0.0,10
0.0,0.0,-0.0009938188249662,0.0,0.0,0.0,0.0,0.0,0.0,0.0,10
0.0,-0.0010110178344839,0.0,0.0,0.0,0.0,0.0,0.0,0.0,0.0,10
-0.0010214680302325,0.0,0.0,0.0,0.0,0.0,0.0,0.0,0.0,0.0,10
0.0,-0.0010318483231815,0.0,0.0,0.0,0.0,0.0,0.0,0.0,0.0,10
0.0,0.0,0.0,0.0,0.0,-0.0010611043871079,0.0,0.0,0.0,0.0,10
0.0052633172028118,0.0,-0.0063547847299402,0.0,0.0,0.0,0.0,0.0,0.0,0.0,9
0.0,-0.0010921135709667,0.0,0.0,0.0,0.0,0.0,0.0,0.0,0.0,10
0.0,0.0,-0.0011067216174901,0.0,0.0,0.0,0.0,0.0,0.0,0.0,10
0.0,-0.0011230960349814,0.0,0.0,0.0,0.0,0.0,0.0,0.0,0.0,10
-0.001150070391966,0.0,0.0,0.0,0.0,0.0,0.0,0.0,0.0,0.0,10
-0.0011592177044428,0.0,0.0,0.0,0.0,0.0,0.0,0.0,0.0,0.0,10
0.0,-0.0012000283951078,0.0,0.0,0.0,0.0,0.0,0.0,0.0,0.0,10
0.0,0.0,0.0,0.0,0.0,0.0,0.0,0.0,0.0,-0.0012150102837345,10
0.0,-0.0012302833084867,0.0,0.0,0.0,0.0,0.0,0.0,0.0,0.0,10
0.0,0.0,0.0,-0.001241446155871,0.0,0.0,0.0,0.0,0.0,0.0,10
0.0,0.0,0.0,0.0,0.0,-0.0012556617427514,0.0,0.0,0.0,0.0,10
0.0,-0.001259593508892,0.0,0.0,0.0,0.0,0.0,0.0,0.0,0.0,10
0.0,-0.0013737185526343,0.0,0.0,0.0001086598949327,0.0,0.0,0.0,0.0,0.0,9
0.0,-0.0012923948635075,0.0,0.0,0.0,0.0,0.0,0.0,0.0,0.0,10
0.0,0.0,-0.0012984425413691,0.0,0.0,0.0,0.0,0.0,0.0,0.0,10
0.0,-0.0013045651791849,0.0,0.0,0.0,0.0,0.0,0.0,0.0,0.0,10
0.0,0.0,0.0,0.0,0.0,-0.0013391995131566,0.0,0.0,0.0,0.0,10
0.0,-0.0013409698211418,0.0,0.0,0.0,0.0,0.0,0.0,0.0,0.0,10
-0.0025925221513331,0.0,0.0,0.0,0.0012469017562706,0.0,0.0,0.0,0.0,0.0,9
0.0,-0.00136838699781,0.0,0.0,0.0,0.0,0.0,0.0,0.0,0.0,10
-0.0013827946739654,0.0,0.0,0.0,0.0,0.0,0.0,0.0,0.0,0.0,10
-0.0023924671762222,0.0010014690774573,0.0,0.0,0.0,0.0,0.0,0.0,0.0,0.0,10
-0.001407979625939,0.0,0.0,0.0,0.0,0.0,0.0,0.0,0.0,0.0,10
0.0,-0.0056553330389523,0.0042218638827513,0.0,0.0,0.0,0.0,0.0,0.0,0.0,9
0.0,0.0,-0.0014408782101749,0.0,0.0,0.0,0.0,0.0,0.0,0.0,10
0.0,0.0,-0.0044638395942509,0.0,0.0030207040728739,0.0,0.0,0.0,0.0,0.0,9
0.0,-0.0014537941874144,0.0,0.0,0.0,0.0,0.0,0.0,0.0,0.0,10
0.0,-0.001454063103414,0.0,0.0,0.0,0.0,0.0,0.0,0.0,0.0,10
0.0,-0.0014622772950686,0.0,0.0,0.0,0.0,0.0,0.0,0.0,0.0,10
0.0,-0.0014641806322176,0.0,0.0,0.0,0.0,0.0,0.0,0.0,0.0,10
0.0,-0.001467822086452,0.0,0.0,0.0,0.0,0.0,0.0,0.0,0.0,10
-0.0014769996934051,0.0,0.0,0.0,0.0,0.0,0.0,0.0,0.0,0.0,10
0.0,-0.0014951917327739,0.0,0.0,0.0,0.0,0.0,0.0,0.0,0.0,10
0.0,-0.0015210444383389,0.0,0.0,0.0,0.0,0.0,0.0,0.0,0.0,10
-6.955217737444341e-05,-0.0014546713902999,0.0,0.0,0.0,0.0,0.0,0.0,0.0,0.0,10
0.0,-0.0015547776237633,0.0,0.0,0.0,0.0,0.0,0.0,0.0,0.0,10
0.0003796329900307,-0.0019506567829348,0.0,0.0,0.0,0.0,0.0,0.0,0.0,0.0,9
0.0,0.0,-0.001287331853929,-0.00028514991828,0.0,0.0,0.0,0.0,0.0,0.0,10
-0.0024431369295863,0.0008336201141717,0.0,0.0,0.0,0.0,0.0,0.0,0.0,0.0,10
0.0,-0.0001020416056272,0.0,0.0,0.0,0.0,0.0,0.0,0.0,-0.0015354097855921,10
0.0,0.0,0.0,0.0,-0.0016481952476702,0.0,0.0,0.0,0.0,0.0,10
0.0,0.0,-0.0016589378117986,0.0,0.0,0.0,0.0,0.0,0.0,0.0,10
0.0,-0.0016845833450558,0.0,0.0,0.0,0.0,0.0,0.0,0.0,0.0,10
-0.0046556459685331,-0.0001463373704684,0.0,0.0,0.0,0.0030681266804951,0.0,0.0,0.0,0.0,9
-0.0017468715276222,0.0,0.0,0.0,0.0,0.0,0.0,0.0,0.0,0.0,10
0.0,-2.068984489039805e-05,0.0,0.0,0.0,-0.0017554605187115,0.0,0.0,0.0,0.0,10
0.0,0.0007130705070547,-0.0025073328688212,0.0,0.0,0.0,0.0,0.0,0.0,0.0,10
0.0,-0.0017969209834348,0.0,0.0,0.0,0.0,0.0,0.0,0.0,0.0,10
0.0,-0.0018143029739802,0.0,0.0,0.0,0.0,0.0,0.0,0.0,0.0,10
0.0009376685547779,-0.0027732743964447,0.0,0.0,0.0,0.0,0.0,0.0,0.0,0.0,9
0.0,-0.0018391207955372,0.0,0.0,0.0,0.0,0.0,0.0,0.0,0.0,10
0.0,-0.0018435088727575,0.0,0.0,0.0,0.0,0.0,0.0,0.0,0.0,10
0.0,-0.0018703528196608,0.0,0.0,0.0,0.0,0.0,0.0,0.0,0.0,10
0.0,-0.0018853902802607,0.0,0.0,0.0,0.0,0.0,0.0,0.0,0.0,10
0.0,-0.001896073086443,0.0,0.0,0.0,0.0,0.0,0.0,0.0,0.0,10
0.0,-0.0019087308267534,0.0,0.0,0.0,0.0,0.0,0.0,0.0,0.0,10
-0.0019152263189092,0.0,0.0,0.0,0.0,0.0,0.0,0.0,0.0,0.0,10
0.0,0.0,-0.001922084519601,0.0,0.0,0.0,0.0,0.0,0.0,0.0,10
0.0,-0.0019503736419205,0.0,0.0,0.0,0.0,0.0,0.0,0.0,0.0,10
0.0,-0.0019533085766209,0.0,0.0,0.0,0.0,0.0,0.0,0.0,0.0,10
0.0,-0.0019566918877793,0.0,0.0,0.0,0.0,0.0,0.0,0.0,0.0,10
0.0,0.0010636354277714,0.0,0.0,-0.0030206440745844,0.0,0.0,0.0,0.0,0.0,10
0.0,0.0004027819064641,-0.0024011048132693,0.0,0.0,0.0,0.0,0.0,0.0,0.0,10
-0.0020222535071945,0.0,0.0,0.0,0.0,0.0,0.0,0.0,0.0,0.0,10
-0.002026403026243,0.0,0.0,0.0,0.0,0.0,0.0,0.0,0.0,0.0,10
-0.0039836385545272,0.0,0.0,0.0,0.0,0.0,0.0,0.0,0.0,0.0019441958089651,10
0.0,-0.0020597476101715,0.0,0.0,0.0,0.0,0.0,0.0,0.0,0.0,10
0.0,-0.0020824478476325,0.0,0.0,0.0,0.0,0.0,0.0,0.0,0.0,10
0.0,-0.002096118494686,0.0,0.0,0.0,0.0,0.0,0.0,0.0,0.0,10
-0.0021257729828085,0.0,0.0,0.0,0.0,0.0,0.0,0.0,0.0,0.0,10
0.0,-0.0021291988827903,0.0,0.0,0.0,0.0,0.0,0.0,0.0,0.0,10
0.0,-0.0021299049216578,0.0,0.0,0.0,0.0,0.0,0.0,0.0,0.0,10
0.0,-0.0021379003140391,0.0,0.0,0.0,0.0,0.0,0.0,0.0,0.0,10
0.0,0.0,0.0,0.0,0.0,0.0,0.0,0.0,0.0,-0.0021582143192623,10
0.0,-0.0021664932124103,0.0,0.0,0.0,0.0,0.0,0.0,0.0,0.0,10
0.0,-0.0021693252079131,0.0,0.0,0.0,0.0,0.0,0.0,0.0,0.0,10
0.0,-0.0021693366088396,0.0,0.0,0.0,0.0,0.0,0.0,0.0,0.0,10
0.0,-0.0021708233815335,0.0,0.0,0.0,0.0,0.0,0.0,0.0,0.0,10
-0.0003860171369874,-0.0018179429379122,0.0,0.0,0.0,0.0,0.0,0.0,0.0,0.0,10
0.0,-0.0022188217555962,0.0,0.0,0.0,0.0,0.0,0.0,0.0,0.0,10
0.0,-0.0022362358809695,0.0,0.0,0.0,0.0,0.0,0.0,0.0,0.0,10
-0.0022621334694538,0.0,0.0,0.0,0.0,0.0,0.0,0.0,0.0,0.0,10
0.0,-0.0023230508644517,0.0,0.0,0.0,0.0,0.0,0.0,0.0,0.0,10
0.0,-0.0023324294192055,0.0,0.0,0.0,0.0,0.0,0.0,0.0,0.0,10
0.0,-0.0008477600576705,-0.0015135144492766,0.0,0.0,0.0,0.0,0.0,0.0,0.0,10
0.0,0.0,0.0,0.0,0.0,0.0,0.0,0.0,0.0,-0.0023655168998734,10
0.0,0.0,-0.0024209815620918,0.0,0.0,0.0,0.0,0.0,0.0,0.0,10
-0.0031718109685305,0.0,0.0,0.0,0.0,0.0007066896712145,0.0,0.0,0.0,0.0,10
0.0,-0.0024682279087707,0.0,0.0,0.0,0.0,0.0,0.0,0.0,0.0,10
0.0,-0.0024980347147676,0.0,0.0,0.0,0.0,0.0,0.0,0.0,0.0,10
0.0003692324548184,0.0,0.0,0.0,-0.0033325922992744,-0.0068379169717387,0.0,0.0,0.0,0.0073003085512743,9
0.0,-0.0017818325198296,0.0,0.0,-0.0007255763274961,0.0,0.0,0.0,0.0,0.0,10
-0.0025453592045942,0.0,0.0,0.0,0.0,0.0,0.0,0.0,0.0,0.0,10
0.0,0.0,-0.0025562221245111,0.0,0.0,0.0,0.0,0.0,0.0,0.0,10
0.0,-0.0025578673977222,0.0,0.0,0.0,0.0,0.0,0.0,0.0,0.0,10
0.0,-0.0025583233549921,0.0,0.0,0.0,0.0,0.0,0.0,0.0,0.0,10
0.0,0.0,-0.0025777825036042,0.0,0.0,0.0,0.0,0.0,0.0,0.0,10
0.0,0.0,0.0,0.0,0.0,0.0,0.0,0.0,0.0,-0.0025850750569109,10
0.0,-0.0005365641768244,0.0,-0.0020686600561707,0.0,0.0,0.0,0.0,0.0,0.0,10
0.0001391008628102,0.0015282192859929,-0.0043134871198329,0.0,0.0,0.0,0.0,0.0,0.0,0.0,9
0.0,-0.0027218397391947,0.0,0.0,0.0,0.0,0.0,0.0,0.0,0.0,10
-0.0027869340652796,0.0,0.0,0.0,0.0,0.0,0.0,0.0,0.0,0.0,10
0.0,-0.0027875908951585,0.0,0.0,0.0,0.0,0.0,0.0,0.0,0.0,10
0.0,-0.002853716997253,0.0,0.0,0.0,0.0,0.0,0.0,0.0,0.0,10
0.0,-0.0028959395035967,0.0,0.0,0.0,0.0,0.0,0.0,0.0,0.0,10
-0.0029014060537647,0.0,0.0,0.0,0.0,0.0,0.0,0.0,0.0,0.0,10
0.0,0.0,-0.0029085166038831,0.0,0.0,0.0,0.0,0.0,0.0,0.0,10
0.0,0.0004200297958887,-0.0033293366211531,0.0,0.0,0.0,0.0,0.0,0.0,0.0,10
0.0007661860128904,0.0,0.0,0.0,0.0,-0.0038228259090409,0.0,0.0,0.0,0.0,9
0.0,0.0,0.0,0.0,-0.0042112098946235,0.0011424848934458,0.0,0.0,0.0,0.0,9
0.0,-0.0031341034212133,0.0,0.0,0.0,0.0,0.0,0.0,0.0,0.0,10
0.0,-0.003176004114684,0.0,0.0,0.0,0.0,0.0,0.0,0.0,0.0,10
0.0,0.0,0.0,0.0,-0.0031825016660877,0.0,0.0,0.0,0.0,0.0,10
0.0,-0.0032431741535755,0.0,0.0,0.0,0.0,0.0,0.0,0.0,0.0,10
0.0,0.0001909764816743,0.0,0.0,0.0,-0.0034360892020639,0.0,0.0,0.0,0.0,10
0.0,0.003897668396795,0.0,0.0,0.0,-0.0092091937315493,0.0,0.0,0.0020399211432565,0.0,9
-0.0001944657474465,0.0,0.0,0.0,0.0,0.0,0.0,0.0,0.0,-0.0031224184517421,10
0.0,-0.0008280995010195,0.0,0.0,0.0,0.0,0.0,0.0,0.0,-0.0025210809052513,10
-0.0033561227924887,5.789575221182286e-06,0.0,0.0,0.0,0.0,0.0,0.0,0.0,0.0,10
-0.0007405755783068,0.0,0.0,0.0,0.0,0.0,0.0,0.0,0.0,-0.0026276203190834,10
0.0,-0.0003928463865539,0.0,0.0,0.0,0.0,0.0,0.0,0.0,-0.002984056958407,10
0.0,0.0,-0.0034062362084671,0.0,0.0,0.0,0.0,0.0,0.0,0.0,10
-0.0034273217629659,0.0,0.0,0.0,0.0,0.0,0.0,0.0,0.0,0.0,10
-0.0019420076089504,-0.001531669157639,0.0,0.0,0.0,0.0,0.0,0.0,0.0,0.0,10
0.0,-0.0034860184681015,0.0,0.0,0.0,0.0,0.0,0.0,0.0,0.0,10
0.0,0.001544970974826,0.0,0.0,-0.0050862746142776,0.0,0.0,0.0,0.0,0.0,10
0.0,-0.0035636646554523,0.0,0.0,0.0,0.0,0.0,0.0,0.0,0.0,10
0.0,-0.0036205707046832,0.0,0.0,0.0,0.0,0.0,0.0,0.0,0.0,10
0.0,-0.0012264768124949,-0.0024372764023843,0.0,0.0,0.0,0.0,0.0,0.0,0.0,10
0.0,0.0001028591966837,0.0,0.0,0.0,-0.003767360400208,0.0,0.0,0.0,0.0,10
0.0,0.0,0.0,0.0,-0.0036990228996212,0.0,0.0,0.0,0.0,0.0,10
0.0,0.0,-0.0037084789561674,0.0,0.0,0.0,0.0,0.0,0.0,0.0,10
0.0,0.0,0.0,0.0,0.0,0.0,0.0,0.0,0.0,-0.0037110412915891,10
-0.0037115068725586,0.0,0.0,0.0,0.0,0.0,0.0,0.0,0.0,0.0,10
-0.0037873343824064,0.0,0.0,0.0,0.0,0.0,0.0,0.0,0.0,0.0,10
0.0020300464504478,0.0,0.0,0.0,0.0,-0.0070267484790081,0.0,0.0,0.0,0.0011967555457725,9
-0.0038219175969524,0.0,0.0,0.0,0.0,0.0,0.0,0.0,0.0,0.0,10
0.0,-0.0038309612425922,0.0,0.0,0.0,0.0,0.0,0.0,0.0,0.0,10
0.0,0.0,-0.0037522452735463,0.0,0.0,-0.0002117264508025,0.0,0.0,0.0,0.0,10
-0.004453826702996,0.0004663745106819,0.0,0.0,0.0,0.0,0.0,0.0,0.0,0.0,10
0.0,0.0,0.0,0.0,0.0,-0.004001268223415,0.0,0.0,0.0,0.0,10
0.0,-0.0063494373220027,0.0,0.0,0.0,0.0,0.0,0.0,0.0,0.0023413418288664,10
0.0,0.0,-0.0040111691644118,0.0,0.0,0.0,0.0,0.0,0.0,0.0,10
0.0,0.0,0.0,0.0,0.0,-0.0040230654724455,0.0,0.0,0.0,0.0,10
0.0012607015195037,0.0044644946374246,-0.0098372370890422,0.0,0.0,0.0,0.0,0.0,0.0,0.0,9
0.0,-0.0041413276229151,0.0,0.0,0.0,0.0,0.0,0.0,0.0,0.0,10
0.0,0.0,0.0,0.0,0.0,-0.0041960467407593,0.0,0.0,0.0,0.0,10
0.0,0.0,0.0,-0.0022075101343953,0.0,-0.002002578422724,0.0,0.0,0.0,0.0,10
0.0,-0.0042588742183393,0.0,0.0,0.0,0.0,0.0,0.0,0.0,0.0,10
0.0,0.0,0.0,0.0,0.0,0.0,0.0,0.0,0.0,-0.0042720885215037,10
-0.0043052553935109,0.0,0.0,0.0,0.0,0.0,0.0,0.0,0.0,0.0,10
0.0,0.0,0.0,0.0,0.0,-0.0043148841631326,0.0,0.0,0.0,0.0,10
0.0,-0.0006868426677411,-0.0081985388159304,0.0,0.0045213118736806,0.0,0.0,0.0,0.0,0.0,9
-0.004379171267191,0.0,0.0,0.0,0.0,0.0,0.0,0.0,0.0,0.0,10
-0.0044170660965258,0.0,0.0,0.0,0.0,0.0,0.0,0.0,0.0,0.0,10
-8.794599840882267e-05,0.0,-0.0044505996481247,0.0,0.0,0.0,0.0,0.0,0.0,0.0,10
0.0110098270956207,0.0,0.0,0.0,0.0,-0.0123361450579345,0.0,0.0,0.0,-0.0032272670324612,9
0.0010429127896338,-0.0056117805067225,0.0,0.0,0.0,0.0,0.0,0.0,0.0,0.0,9
-0.0045806158276113,0.0,0.0,0.0,0.0,0.0,0.0,0.0,0.0,0.0,10
0.0,2.439574204644579e-05,0.0,0.0,-0.0046339044107203,0.0,0.0,0.0,0.0,0.0,10
-0.0022162212488025,-0.0024622755853688,0.0,0.0,0.0,0.0,0.0,0.0,0.0,0.0,10
0.0,0.0,7.400953932577004e-05,0.0,0.0,-0.0047830168935128,0.0,0.0,0.0,0.0,10
0.0,0.0001531887018674,0.0,0.0,0.0,-0.0048827574135635,0.0,0.0,0.0,0.0,10
-0.0047809541074965,0.0,0.0,0.0,0.0,0.0,0.0,0.0,0.0,0.0,10
0.0,-0.0047856173372782,0.0,0.0,0.0,0.0,0.0,0.0,0.0,0.0,10
0.0,0.0,0.0,0.0,0.0,-0.0048047693514337,0.0,0.0,0.0,0.0,10
0.0,0.0,0.0,0.0,-0.0048532739405826,0.0,0.0,0.0,0.0,0.0,10
0.0,0.0,0.0,0.0,0.0,-0.0049340470395507,0.0,0.0,0.0,0.0,10
-0.0094329008658512,-0.0009068769431625,0.0,0.002330800294056,0.0,0.0,0.0,0.0,0.0,0.0030566795885926,9
-0.0049822637417934,0.0,0.0,0.0,0.0,0.0,0.0,0.0,0.0,0.0,10
-0.0050348411669142,0.0,0.0,0.0,0.0,0.0,0.0,0.0,0.0,0.0,10
0.0031109483252502,0.0,0.0,0.0,-0.0083272149814669,0.0005483514600639,0.0,0.0,0.0,-0.0004686209549252,9
0.0,-0.0004423656054816,0.0,0.0,-0.004731267769792,0.0,0.0,0.0,0.0,0.0,10
0.0,0.0020742921690915,0.0,0.0,0.0,0.0,0.0,0.0,0.0,-0.0072980468090377,10
0.0,0.0,-0.0052531125442613,0.0,0.0,0.0,0.0,0.0,0.0,0.0,10
0.0,7.723428289413414e-05,0.0,0.0,-0.0037408501544753,0.0,0.0,0.0,0.0,-0.0016292130804519,10
0.0,0.0,-0.0149958501960977,0.0,0.009674475325685,0.0,0.0,0.0,0.0,0.0,9
0.0,-0.0055393302040504,0.0,0.0,0.0,0.0,0.0,0.0,0.0,0.0,10
0.0,0.0,-0.0095074212795137,0.0,0.0,0.0039061004660074,0.0,0.0,0.0,0.0,9
0.0,0.0,0.0,0.0,-0.0056234122721678,0.0,0.0,0.0,0.0,0.0,10
0.0,-0.001355791600275,0.0,-0.0042700168977583,0.0,0.0,0.0,0.0,0.0,0.0,10
0.0,0.0,0.0,0.0,-0.0058354789593464,0.0,0.0,0.0,0.0,0.0,10
-0.0058631863218708,0.0,0.0,0.0,0.0,0.0,0.0,0.0,0.0,0.0,10
0.0,0.0,0.0,0.0,-0.0059490862427381,0.0,0.0,0.0,0.0,0.0,10
-0.0059836657722688,0.0,0.0,0.0,0.0,0.0,0.0,0.0,0.0,0.0,10
0.0,0.0,-0.0059892506184679,0.0,0.0,0.0,0.0,0.0,0.0,0.0,10
-0.0015167680177827,0.0,0.0,0.0,-0.0044777507204385,0.0,0.0,0.0,0.0,0.0,10
0.0013592324275604,-0.0074129459602837,0.0,0.0,0.0,0.0,0.0,0.0,0.0,0.0,9
0.0,-0.0002815277950536,0.0,0.0,-0.0058281489391267,0.0,0.0,0.0,0.0,0.0,10
0.0,0.0,0.0,0.0,0.0,-0.0061291314809575,0.0,0.0,0.0,0.0,10
0.0,-0.0038893356969219,-0.006574496977562,0.0058217527858115,0.0,0.0,0.0,0.0,0.0,-0.0015057282555881,9
0.0027154572926145,0.0003167166954831,-0.0092019555680685,0.0,0.0,0.0,0.0,0.0,0.0,0.0,9
-0.006171338294978,0.0,0.0,0.0,0.0,0.0,0.0,0.0,0.0,0.0,10
-0.0061848520346589,0.0,0.0,0.0,0.0,0.0,0.0,0.0,0.0,0.0,10
0.0,0.0,0.0,0.0,0.0,-0.0062631216261098,0.0,0.0,0.0,0.0,10
-0.0062749708806045,0.0,0.0,0.0,0.0,0.0,0.0,0.0,0.0,0.0,10
0.000556112590674,0.0004373988212316,-0.0073028623540203,0.0,0.0,0.0,0.0,0.0,0.0,0.0,9
0.0,0.0,0.0,0.0,-0.026831226460027,0.0019086681783958,0.0,0.0255948650354017,-0.0012215206497848,-0.0057838563404503,8
-0.0012980070464059,0.0018316337065575,0.0,0.0,0.0,-0.0069570320082081,0.0,0.0,0.0,0.0,10
0.0,3.814761648608944e-05,0.0,0.0,0.0,0.0,0.0,0.0,0.0,-0.0064915063598675,10
-0.0032980171529669,-0.0011974095996817,-0.0020227393600713,0.0,0.0,0.0,0.0,0.0,0.0,0.0,10
0.0,0.0,-0.0065259818419488,0.0,0.0,0.0,0.0,0.0,0.0,0.0,10
0.0,-0.0065758714816968,0.0,0.0,0.0,0.0,0.0,0.0,0.0,0.0,10
-0.013137531328562,0.0064869211396926,0.0,0.0,0.0,0.0,0.0,0.0,0.0,0.0,10
0.0,0.0,-0.0066675358453691,0.0,0.0,0.0,0.0,0.0,0.0,0.0,10
0.0,-0.0013652925995057,0.0,0.0,0.0,0.0,0.0,0.0,0.0,-0.0053857111015869,10
0.0,0.0,-0.0067881245295325,0.0,0.0,0.0,0.0,0.0,0.0,0.0,10
0.0,0.0,0.0,-0.0067944933929329,0.0,0.0,0.0,0.0,0.0,0.0,10
0.0,-6.542609992745695e-05,-0.0067438068166103,0.0,0.0,0.0,0.0,0.0,0.0,0.0,10
0.0,-0.0068283346458402,0.0,0.0,0.0,0.0,0.0,0.0,0.0,0.0,10
0.0,7.680911285823377e-05,-0.0069265041348913,0.0,0.0,0.0,0.0,0.0,0.0,0.0,10
0.0,0.0,-0.0071284841619564,0.0,0.0,0.0,0.0,0.0,0.0,0.0,10
-0.0025776654941852,-0.0045753781873809,0.0,0.0,0.0,0.0,0.0,0.0,0.0,0.0,10
-0.0068416655742119,-0.0003425134735042,0.0,0.0,0.0,0.0,0.0,0.0,0.0,0.0,10
0.0,0.0001315369567391,0.0,0.0,-0.0050691617174032,-0.0022668162560835,0.0,0.0,0.0,0.0,10
0.0,0.0,-0.0072099988641703,0.0,0.0,0.0,0.0,0.0,0.0,0.0,10
0.0079558950280579,0.0,-0.0152159695415927,0.0,0.0,0.0,0.0,0.0,0.0,0.0,9
0.0013500197768216,-0.0086255145683866,0.0,0.0,0.0,0.0,0.0,0.0,0.0,0.0,9
0.0,0.0,0.0,0.0,0.0,0.0,0.0,0.0,0.0,-0.0073213841227925,10
0.0,0.0,0.0,0.0,0.0,0.0,0.0,0.0,0.0,-0.0075119744299014,10
0.0,-0.0033162500435521,-0.0042405385190182,0.0,0.0,0.0,0.0,0.0,0.0,0.0,10
0.0,0.0,-0.0075930603668327,0.0,0.0,0.0,0.0,0.0,0.0,0.0,10
-0.0073046766911862,-0.0004069385311827,0.0,0.0,0.0,0.0,0.0,0.0,0.0,0.0,10
0.0,0.0015596222212938,-0.0051501181531172,0.0,0.0,0.0,0.0,0.0,0.0,-0.0041529206433341,10
0.0,-0.000349398468097,0.0,-0.007421147849701,0.0,0.0,0.0,0.0,0.0,0.0,10
0.0,-0.0021679349274256,-0.005611371101862,0.0,0.0,0.0,0.0,0.0,0.0,0.0,10
-0.0072014371712839,-0.0007430510110647,0.0,0.0,0.0,0.0,0.0,0.0,0.0,0.0,10
0.0,-0.002205670586284,0.0,0.0,0.0,0.0,0.0,0.0,0.0,-0.0058134555991851,10
0.0,0.0,-0.0082063713670272,0.0,0.0,0.0,0.0,0.0,0.0,0.0,10
-0.0084432081284963,7.392968489465246e-05,0.0,0.0,0.0,0.0,0.0,0.0,0.0,0.0,10
-0.0075423709422196,0.0,-0.0009587154779963,0.0,0.0,4.838702630045599e-05,0.0,0.0,0.0,0.0,10
0.0,0.0007541818392953,0.0,0.0,0.0,-0.0092844400645154,0.0,0.0,0.0,0.0,10
-0.0086405657907515,0.0,0.0,0.0,0.0,0.0,0.0,0.0,0.0,0.0,10
0.0,0.0,0.0,0.0,0.0,0.0,0.0,0.0,0.0,-0.0086505959782896,10
0.0,-0.0007243414893358,-0.0079767837398093,0.0,0.0,0.0,0.0,0.0,0.0,0.0,10
0.0,0.0004555464159401,-0.0091873312653917,0.0,0.0,0.0,0.0,0.0,0.0,0.0,10
-0.0089268272941821,0.0,0.0,0.0,0.0,0.0,0.0,0.0,0.0,0.0,10
-0.0031627691713546,0.0044315770969433,0.0,0.0,0.0,0.0,0.0,-0.0102203695964419,0.0,0.0,10
-0.0018283570885394,0.0,-0.0071398031970141,0.0,0.0,0.0,0.0,0.0,0.0,0.0,10
0.0,0.0,-0.0090399424400509,0.0,0.0,0.0,0.0,0.0,0.0,0.0,10
0.0,0.0,-0.0090972432376944,0.0,0.0,0.0,0.0,0.0,0.0,0.0,10
-0.0091610496212088,0.0,0.0,0.0,0.0,0.0,0.0,0.0,0.0,0.0,10
0.0,-6.56478880245226e-05,0.0,0.0,0.0,-0.0091227046294748,0.0,0.0,0.0,0.0,10
-0.0092604061763604,0.0,0.0,0.0,0.0,0.0,0.0,0.0,0.0,0.0,10
-0.007185006249413,0.0,-0.0021463510720605,0.0,0.0,0.0,0.0,0.0,0.0,0.0,10
0.0,-0.0046693888713475,-0.0046847998426104,0.0,0.0,0.0,0.0,0.0,0.0,0.0,10
0.0,0.0,0.0,0.0,-0.0093782939405246,0.0,0.0,0.0,0.0,0.0,10
0.0,0.0,0.0,0.0,0.0,0.0,0.0,0.0,0.0,-0.0094572505057146,10
0.0,0.0,0.0,0.0,-0.0095814324306864,0.0,0.0,0.0,0.0,0.0,10
0.0,-0.000312648518268,0.0,0.0,0.0,-0.0093867596685412,0.0,0.0,0.0,0.0,10
0.0,-0.001958420766532,0.0,-0.0078441831043146,0.0,0.0,0.0,0.0,0.0,0.0,10
0.0,0.004176441316683,-0.0016329035777625,0.0,-0.0123762443135508,0.0,0.0,0.0,0.0,0.0,10
-0.0098609514179827,0.0,0.0,0.0,0.0,0.0,0.0,0.0,0.0,0.0,10
-0.0066641145170762,0.0,0.0,0.0,0.0,0.0,0.0,0.0,0.0,-0.0033178787524998,10
-0.0014927157296485,0.0,-0.0086191867522549,0.0,0.0,0.0,0.0,0.0,0.0,0.0,10
0.0,0.0,-0.0103046308122508,0.0,0.0,0.0,0.0,0.0,0.0,0.0,10
0.0,-4.057107285049266e-05,0.0,-0.010652110871049,0.0,0.0,0.0,0.0,0.0,0.0,10
0.0,0.0073250092609131,-0.0110845645751163,0.0,0.0,-0.0070863173026779,0.0,0.0,0.0,0.0,10
0.0,0.0,0.0,-0.0109106146560104,0.0,0.0,0.0,0.0,0.0,0.0,10
-0.0127301796038108,0.0018181881535103,0.0,0.0,0.0,0.0,0.0,0.0,0.0,0.0,10
0.0,-0.0005708579174256,0.0,-0.0103911803480827,0.0,0.0,0.0,0.0,0.0,0.0,10
0.0,-0.0109942794148765,0.0,0.0,0.0,0.0,0.0,0.0,0.0,0.0,10
0.0,0.0,0.0,0.0,0.0,0.0,0.0,0.0,0.0,-0.0113036257767352,10
0.0,-0.0018389215048746,0.0,-0.0095342752961093,0.0,0.0,0.0,0.0,0.0,0.0,10
0.0,0.0,-0.0028140885754643,0.0,0.0,0.0,0.0,0.0,0.0,-0.0086315631187423,10
0.0,-0.0040805480341733,0.0,0.0,0.0,-0.0074939960653038,0.0,0.0,0.0,0.0,10
-0.0105828927120711,-0.001081696960145,0.0,0.0,0.0,0.0,0.0,0.0,0.0,0.0,10
-0.0065753900730571,-0.0010127507310032,-0.0041607753185846,0.0,0.0,0.0,0.0,0.0,0.0,0.0,10
0.0,-0.0068229336617966,0.0,0.0,-0.0049559267428986,0.0,0.0,0.0,0.0,0.0,10
0.0,0.0,-0.0111037251715977,0.0,0.0,-0.0007376945683032,0.0,0.0,0.0,2.1659436711063407e-05,10
-0.0118753382033133,0.0,0.0,0.0,0.0,0.0,0.0,0.0,0.0,0.0,10
0.0,0.0023353032509884,-0.0146175065415192,0.0,0.0,0.0,0.0,0.0,0.0,0.0,10
0.0,0.0,0.0,0.0,0.0,-0.0123267385199113,0.0,0.0,0.0,0.0,10
0.0,0.0,0.0,0.0,-0.0128071191410142,0.0,0.0,0.0,0.0,0.0,10
-0.0128094308678333,0.0,0.0,0.0,0.0,0.0,0.0,0.0,0.0,0.0,10
-0.0137590791853917,0.0,0.0005244307012396,0.0,0.0,0.0,0.0,0.0,0.0,0.0,10
0.0,0.0,-0.0133019539216478,0.0,0.0,0.0,0.0,0.0,0.0,0.0,10
-0.0151831820982473,0.0018422599474538,0.0,0.0,0.0,0.0,0.0,0.0,0.0,0.0,10
0.0,0.0,-0.0133587018659231,0.0,0.0,0.0,0.0,0.0,0.0,0.0,10
0.0,0.0,0.0,-0.0134386758670131,0.0,0.0,0.0,0.0,0.0,0.0,10
-0.0023706605428119,0.0,-0.0112477281837689,0.0,0.0,0.0,0.0,0.0,0.0,0.0,10
0.0,0.0,-0.0016967708126417,0.0,0.0,0.0,0.0,0.0,0.0,-0.0124075670535589,10
0.0,0.0014277776171943,0.0,0.0,-0.0164042752960922,0.0,0.0,0.0,0.0,0.0,10
0.0,-0.0002925092914352,0.0,0.0,-0.0192358512269444,0.0044893945805273,0.0,0.0,0.0,0.0,9
0.0,-0.0081772326434124,-0.0069189499667766,0.0,0.0,0.0,0.0,0.0,0.0,0.0,10
0.011423404682042,0.0,0.0,0.0,-0.0389024540180056,0.0,0.0123607085733638,0.0,0.0,0.0,8
0.0,-0.0150565454193422,0.0,0.0,0.0,0.0,0.0,0.0,0.0,-0.0001549511115054,10
-0.0051183355785476,0.0,0.0,0.0,0.0,-0.0109583419457215,0.0,0.0,0.0,0.0,10
-0.0150244207908405,0.0,-0.0012524393523595,0.0,0.0,0.0,0.0,0.0,0.0,0.0,10
0.0,-0.0014276643823733,-0.0040191916166981,0.0,-0.0115136291694075,0.0,0.0,0.0,0.0,0.0,10
-0.0231318302889007,0.0057091438016876,0.0,0.0,0.0,0.0,0.0,0.0,0.0,0.0,10
0.0,0.0,-0.0035989932887531,0.0,0.0,0.0,0.0,0.0,0.0,-0.0153978227633496,10
0.0009744123064736,0.0,0.0,0.0,-0.0224048264463681,0.0,0.0,0.0,0.0,0.0,9
0.0,0.0029453678857335,0.0,0.0,-0.0265908181854402,0.0,0.0,0.0,0.0,0.0,10
-0.0032159892189754,0.0,0.0,0.0,0.0,0.0,0.0,-0.0227229289942114,0.0,0.0019878688783151,10
0.0,0.0,0.0,0.0,0.0,0.0,0.0,0.0,-0.0245399303316984,0.0,10
0.0,0.0,0.0,0.0,0.0,7.743782841799219e-05,0.0,0.0,-0.0257667463394596,0.0,10
0.0,0.0,-0.0048984172338256,0.0,0.0,0.0,0.0,0.0,-0.0213565011942002,0.0,10
-0.0242935311623701,0.0,0.0,0.0,0.0,0.0,0.0,0.0,0.0,-0.0042907641422956,10
0.0,0.0,0.0,-0.0322760510876585,0.0,0.0026477440799407,0.0,0.0,0.0,0.0,9
0.0,-0.0002488725297405,0.0,0.0,0.0,0.0027474261804321,0.0,0.0,-0.0327941633954222,0.0,9
-0.009196690689884,-0.0028713898113438,-0.0051666840869613,-0.0138522835216133,0.0,0.0,0.0,0.0,0.0,0.0,10
0.0,-0.0003714063500524,0.0,-0.0337253523728078,0.0,0.0,0.0,0.0,0.0,0.0001068430378673,10
